File name,Iterations,Monobit,Poker,Run,Long run,Continuous
../HEDGE RANSOM/db hedge ransomware full/128/bin/enc/encrypted_MaxxAudioCapture64.dll.enc-aes-256-cbc1107,52,"[10112, 10019, 9808, 9975, 9954, 9942, 10006, 10057, 10093, 9977, 9988, 10018, 9986, 9945, 9902, 10121, 10014, 9958, 9990, 9993, 9957, 10059, 10049, 9945, 9921, 10019, 10071, 10065, 10015, 9943, 10085, 10078, 9895, 9899, 9900, 10053, 9961, 9964, 10060, 10033, 10068, 9976, 10094, 9956, 10012, 9897, 10005, 10054, 9932, 10019, 9996, 9907]","[17.721599999999853, 20.627199999999903, 14.214399999999841, 11.225600000000668, 24.761599999999817, 25.107200000000375, 5.318400000000111, 10.470400000000154, 12.307200000000194, 12.262400000000525, 13.228799999999865, 11.961600000000544, 20.364800000000287, 9.235200000000077, 20.960000000000036, 20.09600000000046, 20.32639999999992, 11.622400000000198, 24.960000000000036, 16.92160000000058, 15.987200000000485, 6.873599999999897, 5.939199999999801, 17.644800000000032, 11.03360000000066, 9.056000000000495, 13.702400000000125, 14.50880000000052, 20.960000000000036, 18.700800000000527, 15.520000000000437, 24.057600000000093, 18.26560000000063, 10.655999999999949, 5.830399999999827, 13.228799999999865, 7.193600000000515, 16.307200000000194, 16.851200000000063, 23.62880000000041, 25.76640000000043, 19.027200000000448, 12.345600000000559, 15.680000000000291, 20.204800000000432, 15.916799999999967, 20.81919999999991, 14.278400000000147, 18.368000000000393, 7.3728000000000975, 17.484800000000178, 15.513600000000224]","[[2610, 1273, 599, 288, 142, 170], [2535, 1263, 627, 279, 139, 166], [2457, 1221, 650, 321, 168, 165], [2560, 1262, 641, 288, 158, 149], [2495, 1226, 611, 328, 173, 160], [2472, 1261, 652, 322, 159, 150], [2535, 1221, 640, 308, 169, 142], [2481, 1306, 627, 302, 155, 155], [2456, 1265, 630, 296, 175, 149], [2457, 1261, 618, 330, 164, 150], [2506, 1259, 600, 317, 155, 164], [2528, 1213, 597, 301, 172, 170], [2480, 1252, 628, 308, 149, 162], [2517, 1279, 609, 315, 144, 165], [2523, 1300, 626, 262, 176, 154], [2543, 1198, 625, 318, 161, 179], [2486, 1262, 625, 291, 153, 141], [2528, 1259, 626, 290, 150, 150], [2653, 1253, 601, 290, 158, 148], [2537, 1182, 699, 318, 137, 147], [2484, 1250, 644, 320, 158, 154], [2562, 1252, 593, 309, 164, 166], [2490, 1279, 617, 314, 160, 156], [2460, 1216, 626, 321, 167, 165], [2440, 1288, 587, 307, 176, 160], [2489, 1235, 643, 319, 132, 171], [2507, 1300, 623, 324, 150, 140], [2463, 1261, 642, 286, 154, 166], [2516, 1200, 646, 317, 157, 166], [2475, 1290, 607, 308, 158, 161], [2456, 1261, 632, 338, 159, 138], [2561, 1228, 639, 279, 160, 158], [2489, 1224, 651, 322, 150, 161], [2500, 1264, 622, 308, 145, 153], [2556, 1272, 606, 333, 163, 136], [2480, 1224, 643, 322, 152, 181], [2537, 1235, 603, 278, 176, 161], [2418, 1245, 652, 332, 148, 154], [2474, 1226, 664, 307, 167, 160], [2471, 1270, 637, 315, 151, 165], [2532, 1273, 575, 326, 169, 146], [2599, 1234, 602, 315, 157, 154], [2505, 1234, 644, 324, 152, 152], [2502, 1226, 635, 292, 169, 164], [2552, 1211, 622, 323, 154, 160], [2522, 1294, 618, 303, 144, 149], [2464, 1289, 611, 325, 151, 156], [2540, 1264, 610, 304, 171, 153], [2487, 1253, 632, 313, 146, 143], [2535, 1227, 598, 324, 139, 170], [2576, 1191, 624, 306, 144, 162], [2531, 1251, 640, 340, 146, 145]]","[[0, 2], [1, 0], [0, 2], [0, 1], [4, 0], [1, 0], [0, 1], [0, 2], [0, 1], [0, 5], [2, 0], [2, 0], [0, 5], [1, 0], [1, 0], [0, 1], [1, 0], [4, 0], [0, 2], [2, 0], [1, 0], [1, 0], [2, 0], [0, 7], [1, 0], [0, 4], [0, 1], [0, 1], [4, 0], [0, 1], [7, 0], [0, 2], [0, 1], [2, 0], [1, 0], [1, 0], [1, 0], [4, 0], [2, 0], [1, 0], [1, 0], [1, 0], [0, 1], [0, 1], [0, 1], [0, 6], [0, 3], [3, 0], [0, 1], [0, 1], [1, 0], [0, 1]]"
../HEDGE RANSOM/db hedge ransomware full/128/bin/enc/encrypted_imageres.dll.enc-camellia-256-cbc0404,52,"[9960, 10001, 10107, 9906, 10144, 10002, 9860, 10084, 10039, 9893, 10032, 9905, 10052, 9936, 10036, 10000, 10023, 9885, 10028, 10145, 10009, 10000, 10173, 9916, 10046, 9988, 9985, 10030, 9976, 10021, 10140, 9922, 9906, 9972, 10018, 9994, 9963, 10011, 10015, 9984, 9959, 10084, 9945, 10071, 10040, 10146, 9951, 10025, 9991, 10061, 10079, 10090]","[16.070400000000518, 12.851200000000063, 19.782400000000052, 13.235200000000077, 10.227200000000266, 18.75840000000062, 14.489599999999882, 12.601599999999962, 21.184000000000196, 18.65599999999995, 10.636800000000221, 14.502400000000307, 19.820800000000418, 18.169600000000173, 14.438400000000001, 8.640000000000327, 9.760000000000218, 13.324800000000323, 16.10240000000067, 13.081600000000435, 10.240000000000691, 6.9056000000000495, 32.39680000000044, 11.385600000000522, 11.667199999999866, 8.480000000000473, 14.764799999999923, 11.987200000000485, 25.920000000000073, 14.457600000000639, 9.587199999999939, 7.891200000000026, 20.89600000000064, 7.475199999999859, 13.132800000000316, 16.9984000000004, 19.18080000000009, 15.539200000000164, 16.710399999999936, 43.10400000000027, 18.643200000000434, 15.571200000000317, 13.062399999999798, 16.34560000000056, 11.123199999999997, 22.61120000000028, 9.657600000000457, 13.081600000000435, 14.16319999999996, 9.06880000000001, 28.179200000000492, 24.812800000000607]","[[2517, 1256, 635, 308, 152, 148], [2467, 1226, 642, 337, 156, 150], [2525, 1246, 631, 303, 142, 142], [2487, 1292, 634, 327, 137, 156], [2496, 1240, 617, 320, 152, 172], [2507, 1224, 622, 362, 155, 140], [2490, 1258, 657, 318, 163, 138], [2501, 1191, 643, 318, 157, 167], [2407, 1306, 593, 329, 169, 162], [2470, 1225, 607, 342, 152, 159], [2566, 1200, 603, 312, 145, 161], [2478, 1259, 621, 326, 141, 174], [2643, 1182, 614, 313, 138, 164], [2517, 1250, 614, 299, 158, 164], [2526, 1182, 639, 309, 176, 160], [2501, 1293, 609, 289, 168, 162], [2494, 1214, 666, 314, 143, 150], [2532, 1305, 628, 300, 152, 155], [2481, 1224, 633, 315, 173, 165], [2438, 1227, 665, 329, 125, 163], [2535, 1247, 626, 312, 148, 149], [2471, 1260, 623, 284, 159, 152], [2479, 1248, 628, 319, 166, 153], [2586, 1216, 644, 287, 141, 165], [2491, 1242, 615, 293, 163, 168], [2545, 1228, 598, 315, 169, 160], [2508, 1247, 606, 340, 160, 149], [2547, 1249, 628, 317, 166, 130], [2397, 1305, 657, 310, 159, 149], [2563, 1245, 597, 299, 169, 154], [2529, 1256, 607, 305, 152, 166], [2496, 1227, 671, 332, 129, 156], [2454, 1281, 615, 321, 160, 161], [2494, 1229, 646, 327, 155, 152], [2415, 1311, 646, 321, 137, 146], [2476, 1290, 645, 311, 169, 141], [2531, 1223, 640, 313, 161, 137], [2497, 1286, 606, 310, 175, 150], [2466, 1223, 605, 313, 153, 177], [2458, 1271, 635, 299, 157, 161], [2587, 1246, 606, 305, 163, 134], [2486, 1209, 650, 311, 175, 148], [2515, 1217, 663, 317, 137, 144], [2445, 1198, 637, 331, 160, 179], [2489, 1220, 657, 289, 163, 161], [2521, 1286, 583, 322, 150, 141], [2532, 1294, 596, 291, 165, 145], [2517, 1248, 602, 332, 144, 151], [2454, 1294, 628, 312, 140, 151], [2512, 1229, 594, 329, 138, 164], [2508, 1249, 617, 328, 134, 153], [2525, 1260, 636, 305, 155, 144]]","[[1, 0], [0, 1], [1, 0], [1, 0], [1, 0], [0, 1], [0, 1], [3, 0], [0, 1], [0, 1], [1, 0], [1, 0], [0, 1], [1, 0], [0, 2], [0, 1], [0, 2], [1, 0], [2, 0], [2, 0], [0, 1], [3, 0], [4, 0], [0, 2], [0, 1], [1, 0], [0, 1], [0, 4], [0, 1], [0, 1], [1, 0], [1, 0], [0, 1], [1, 0], [0, 4], [0, 1], [0, 1], [0, 2], [2, 0], [0, 3], [2, 0], [0, 1], [0, 1], [4, 0], [2, 0], [0, 1], [1, 0], [0, 2], [0, 1], [0, 1], [1, 0], [0, 1]]"
../HEDGE RANSOM/db hedge ransomware full/128/bin/enc/encrypted_Hydrogen.dll.enc-aes-192-cbc1304,52,"[9976, 10091, 10157, 9924, 10043, 10111, 10100, 9993, 10050, 10029, 10025, 10143, 10007, 9933, 10017, 9951, 10027, 10003, 9924, 9977, 10029, 9953, 9957, 10029, 10015, 10007, 9992, 9953, 10034, 10059, 10056, 9981, 10045, 10006, 9943, 10069, 9987, 9888, 10112, 10064, 9951, 9891, 10072, 10014, 10086, 9917, 9964, 10019, 9985, 9972, 9992, 9947]","[21.203199999999924, 17.177599999999984, 18.048000000000684, 27.50720000000001, 7.174399999999878, 10.259200000000419, 11.244800000000396, 8.42240000000038, 11.276800000000549, 11.648000000000138, 16.902399999999943, 18.23360000000048, 15.097600000000057, 17.036799999999857, 6.892800000000534, 23.47519999999986, 11.85280000000057, 14.457600000000639, 19.45600000000013, 26.899199999999837, 14.150400000000445, 16.435199999999895, 10.713600000000042, 15.814400000000205, 19.52640000000065, 13.651200000000244, 19.7503999999999, 13.96480000000065, 11.417600000000675, 24.441600000000108, 10.329600000000028, 10.5600000000004, 14.28480000000036, 6.451200000000426, 19.622400000000198, 5.548800000000483, 11.244800000000396, 16.735999999999876, 13.856000000000677, 24.44800000000032, 12.268799999999828, 34.496000000000095, 25.472000000000662, 6.726400000000467, 12.083200000000033, 10.515199999999822, 14.33600000000024, 11.712000000000444, 8.3712000000005, 18.668800000000374, 24.72320000000036, 21.657600000000457]","[[2554, 1229, 654, 307, 161, 134], [2524, 1273, 619, 302, 160, 148], [2448, 1266, 645, 291, 149, 167], [2532, 1208, 629, 334, 162, 142], [2504, 1256, 646, 293, 145, 155], [2490, 1240, 600, 297, 146, 180], [2537, 1245, 627, 307, 148, 150], [2478, 1225, 622, 301, 165, 170], [2563, 1180, 619, 327, 154, 169], [2463, 1279, 577, 312, 190, 154], [2484, 1303, 629, 305, 139, 154], [2477, 1246, 647, 317, 176, 144], [2459, 1214, 645, 326, 137, 162], [2552, 1229, 623, 299, 120, 177], [2463, 1312, 606, 313, 142, 167], [2568, 1191, 631, 325, 159, 151], [2522, 1261, 600, 302, 163, 155], [2467, 1249, 613, 315, 158, 175], [2467, 1249, 608, 339, 166, 156], [2496, 1277, 637, 319, 150, 153], [2494, 1264, 577, 319, 169, 164], [2465, 1236, 679, 291, 167, 162], [2469, 1245, 608, 310, 167, 166], [2475, 1229, 622, 300, 178, 158], [2454, 1220, 632, 293, 176, 156], [2592, 1249, 635, 288, 148, 156], [2546, 1253, 643, 294, 172, 132], [2512, 1251, 624, 291, 153, 159], [2424, 1280, 634, 300, 157, 164], [2528, 1244, 595, 335, 150, 169], [2473, 1250, 592, 332, 152, 156], [2514, 1259, 618, 310, 154, 155], [2467, 1277, 610, 311, 146, 155], [2479, 1233, 658, 317, 157, 157], [2450, 1224, 693, 318, 153, 157], [2460, 1259, 592, 337, 172, 147], [2449, 1220, 622, 315, 168, 182], [2477, 1226, 659, 315, 155, 162], [2544, 1250, 612, 309, 160, 148], [2550, 1199, 654, 321, 156, 145], [2535, 1207, 609, 330, 157, 155], [2559, 1187, 597, 349, 166, 150], [2483, 1314, 612, 286, 156, 171], [2428, 1255, 636, 299, 171, 157], [2527, 1226, 627, 328, 165, 132], [2446, 1266, 612, 300, 169, 176], [2548, 1258, 600, 310, 150, 159], [2534, 1286, 596, 303, 166, 155], [2456, 1248, 634, 313, 175, 150], [2528, 1245, 603, 322, 152, 167], [2549, 1214, 638, 292, 161, 181], [2446, 1287, 613, 319, 139, 160]]","[[0, 1], [0, 2], [0, 6], [0, 1], [0, 4], [2, 0], [3, 0], [0, 1], [0, 2], [1, 0], [1, 0], [2, 0], [2, 0], [1, 0], [1, 0], [0, 6], [0, 2], [2, 0], [4, 0], [0, 2], [0, 2], [0, 1], [0, 2], [0, 4], [0, 1], [0, 2], [3, 0], [3, 0], [4, 0], [2, 0], [1, 0], [1, 0], [3, 0], [0, 1], [1, 0], [0, 2], [0, 2], [0, 1], [1, 0], [0, 1], [0, 1], [1, 0], [0, 2], [0, 1], [1, 0], [0, 2], [1, 0], [0, 3], [4, 0], [1, 0], [0, 3], [0, 2]]"
../HEDGE RANSOM/db hedge ransomware full/128/bin/enc/encrypted_MaxxAudioRenderAVX64.dll.enc-camellia-128-cbc2107,52,"[10077, 10133, 9986, 10061, 9945, 10112, 10041, 9809, 10039, 10071, 9870, 10065, 9887, 9939, 9975, 10059, 9951, 10001, 10063, 9877, 9966, 10051, 9914, 10081, 10089, 10069, 10021, 10132, 9949, 9886, 9846, 10050, 9953, 10120, 9861, 9908, 10071, 9950, 9808, 10012, 9998, 10008, 10027, 9894, 10012, 10002, 9954, 10004, 10036, 9976, 9985, 10011]","[13.433600000000297, 11.385600000000522, 23.091199999999844, 9.324800000000323, 8.44800000000032, 24.652799999999843, 13.894400000000132, 22.547199999999975, 12.39680000000044, 11.168000000000575, 20.435199999999895, 6.924800000000687, 25.8112000000001, 22.144000000000233, 28.435199999999895, 17.030400000000554, 19.60320000000047, 11.814400000000205, 7.718400000000656, 11.635200000000623, 13.619200000000092, 24.384000000000015, 18.924800000000687, 23.92960000000039, 12.351999999999862, 30.20800000000054, 19.564800000000105, 17.747199999999793, 12.940800000000309, 8.2496000000001, 28.262400000000525, 8.825600000000122, 14.950400000000627, 16.832000000000335, 15.110400000000482, 19.62880000000041, 23.308799999999792, 12.268799999999828, 20.74240000000009, 15.411200000000463, 10.713600000000042, 11.622400000000198, 8.416000000000167, 15.347200000000157, 19.980800000000272, 6.611200000000281, 19.264000000000124, 22.579200000000128, 11.039999999999964, 15.967999999999847, 21.734400000000278, 20.12800000000061]","[[2467, 1247, 616, 317, 164, 154], [2527, 1212, 649, 316, 150, 146], [2521, 1226, 649, 336, 161, 164], [2504, 1214, 606, 318, 165, 161], [2495, 1273, 615, 334, 140, 144], [2418, 1250, 662, 312, 169, 149], [2564, 1292, 561, 314, 170, 153], [2539, 1318, 632, 287, 158, 137], [2512, 1246, 659, 300, 159, 141], [2499, 1283, 624, 274, 165, 154], [2583, 1226, 626, 307, 145, 148], [2554, 1292, 606, 292, 159, 147], [2544, 1232, 626, 295, 171, 128], [2524, 1274, 611, 294, 154, 151], [2579, 1178, 582, 331, 156, 145], [2550, 1269, 622, 292, 147, 151], [2558, 1281, 604, 337, 170, 122], [2514, 1297, 593, 305, 159, 142], [2480, 1225, 656, 321, 152, 156], [2469, 1258, 623, 313, 175, 164], [2496, 1221, 621, 283, 165, 165], [2516, 1238, 621, 285, 150, 165], [2467, 1301, 618, 299, 141, 147], [2498, 1240, 641, 305, 170, 153], [2485, 1237, 620, 328, 175, 141], [2552, 1208, 597, 355, 163, 136], [2477, 1228, 600, 302, 160, 172], [2494, 1232, 665, 312, 140, 141], [2427, 1285, 613, 314, 164, 152], [2479, 1266, 624, 320, 148, 150], [2479, 1220, 608, 284, 186, 183], [2521, 1218, 639, 325, 153, 142], [2565, 1273, 596, 316, 137, 160], [2510, 1236, 624, 326, 157, 147], [2460, 1218, 608, 309, 169, 173], [2456, 1282, 620, 292, 165, 163], [2492, 1239, 637, 305, 165, 159], [2494, 1264, 617, 292, 164, 163], [2486, 1252, 609, 343, 145, 161], [2519, 1232, 638, 322, 154, 141], [2465, 1267, 627, 337, 143, 166], [2448, 1240, 652, 328, 142, 155], [2489, 1255, 646, 323, 145, 146], [2494, 1205, 609, 304, 150, 177], [2581, 1200, 626, 327, 144, 162], [2526, 1252, 599, 292, 148, 161], [2436, 1266, 671, 300, 149, 163], [2465, 1290, 560, 310, 176, 166], [2582, 1271, 613, 315, 150, 135], [2455, 1233, 664, 319, 153, 135], [2572, 1266, 655, 297, 147, 137], [2477, 1278, 622, 343, 153, 132]]","[[0, 2], [0, 1], [1, 0], [0, 4], [1, 0], [3, 0], [0, 3], [2, 0], [1, 0], [1, 0], [0, 1], [2, 0], [0, 2], [0, 2], [0, 2], [1, 0], [0, 4], [0, 1], [0, 2], [0, 2], [3, 0], [0, 1], [0, 1], [1, 0], [0, 2], [3, 0], [0, 1], [1, 0], [1, 0], [1, 0], [3, 0], [3, 0], [1, 0], [0, 3], [0, 2], [1, 0], [0, 2], [0, 5], [1, 0], [0, 1], [0, 2], [2, 0], [0, 5], [3, 0], [0, 1], [0, 2], [1, 0], [0, 1], [0, 2], [0, 4], [0, 1], [1, 0]]"
../HEDGE RANSOM/db hedge ransomware full/128/bin/enc/encrypted_shell32.dll.enc-camellia-192-cbc0003,52,"[9875, 10030, 9887, 10000, 9994, 10071, 10080, 10005, 9947, 9950, 9918, 10023, 10086, 10175, 10056, 9924, 9900, 9895, 9961, 10056, 10088, 10006, 9975, 9939, 10079, 10019, 10061, 10082, 9972, 10058, 9990, 9925, 10041, 10039, 10039, 10059, 9914, 9905, 10005, 10080, 9977, 9999, 10026, 9987, 9953, 9966, 9881, 9977, 10002, 9973, 10087, 9945]","[17.798400000000584, 11.148799999999937, 21.049600000000282, 14.38720000000012, 13.747199999999793, 19.987200000000485, 5.849600000000464, 11.807999999999993, 19.97440000000006, 17.177599999999984, 7.872000000000298, 23.833599999999933, 29.99040000000059, 21.376000000000204, 11.398400000000038, 21.452800000000025, 24.070400000000518, 29.51680000000033, 17.952000000000226, 3.8720000000002983, 10.067200000000412, 12.512000000000626, 21.21600000000035, 12.22400000000016, 30.98239999999987, 19.891200000000026, 10.393600000000333, 9.996799999999894, 19.67360000000008, 13.132800000000316, 9.420799999999872, 13.030400000000554, 8.56959999999981, 15.55200000000059, 12.192000000000007, 16.94080000000031, 8.665600000000268, 23.366399999999885, 10.78400000000056, 23.558399999999892, 11.289600000000064, 11.65440000000035, 12.057600000000093, 17.126400000000103, 17.062399999999798, 18.124800000000505, 14.675200000000586, 13.311999999999898, 10.553600000000188, 19.97440000000006, 13.772800000000643, 11.219200000000455]","[[2464, 1327, 631, 311, 165, 149], [2488, 1283, 625, 283, 148, 157], [2486, 1262, 624, 317, 152, 164], [2441, 1290, 619, 299, 150, 164], [2520, 1238, 612, 316, 143, 151], [2526, 1243, 640, 324, 145, 149], [2525, 1261, 652, 311, 159, 127], [2442, 1244, 628, 322, 181, 157], [2522, 1207, 640, 281, 159, 175], [2496, 1292, 600, 315, 159, 149], [2559, 1277, 624, 289, 159, 138], [2535, 1225, 601, 308, 165, 162], [2619, 1196, 613, 322, 156, 158], [2560, 1208, 622, 323, 135, 165], [2522, 1225, 625, 307, 176, 158], [2461, 1249, 623, 336, 161, 153], [2435, 1241, 602, 310, 162, 177], [2437, 1179, 623, 285, 160, 183], [2510, 1238, 617, 304, 174, 174], [2495, 1277, 636, 287, 155, 163], [2444, 1299, 616, 320, 130, 156], [2546, 1257, 653, 308, 145, 139], [2384, 1193, 651, 310, 194, 186], [2497, 1272, 650, 321, 151, 138], [2629, 1277, 622, 290, 126, 157], [2517, 1291, 663, 307, 148, 129], [2505, 1277, 648, 315, 136, 150], [2518, 1252, 626, 302, 150, 155], [2461, 1277, 639, 304, 160, 140], [2410, 1297, 627, 304, 155, 165], [2482, 1250, 632, 300, 172, 151], [2443, 1236, 669, 307, 147, 161], [2506, 1263, 621, 317, 146, 155], [2542, 1209, 642, 314, 163, 151], [2439, 1238, 646, 318, 167, 154], [2543, 1255, 586, 349, 147, 146], [2531, 1282, 605, 329, 141, 140], [2523, 1219, 622, 297, 149, 173], [2538, 1244, 585, 339, 162, 150], [2458, 1207, 616, 303, 182, 176], [2540, 1236, 618, 322, 167, 140], [2514, 1294, 634, 268, 176, 147], [2476, 1254, 637, 292, 147, 154], [2509, 1282, 616, 291, 138, 173], [2488, 1272, 626, 322, 160, 150], [2505, 1290, 647, 306, 136, 156], [2446, 1265, 605, 323, 161, 167], [2466, 1288, 644, 297, 160, 157], [2496, 1185, 671, 295, 158, 155], [2443, 1234, 619, 307, 168, 167], [2514, 1253, 607, 323, 156, 151], [2476, 1257, 618, 303, 157, 178]]","[[1, 0], [0, 2], [0, 1], [2, 0], [0, 5], [1, 0], [0, 1], [1, 0], [2, 0], [0, 2], [1, 0], [1, 0], [0, 2], [0, 1], [1, 0], [1, 0], [0, 1], [1, 0], [1, 0], [1, 0], [0, 2], [1, 0], [1, 0], [4, 0], [5, 0], [0, 1], [0, 2], [1, 0], [1, 0], [0, 1], [3, 0], [0, 1], [0, 1], [2, 0], [0, 1], [0, 1], [0, 3], [4, 0], [0, 1], [0, 1], [0, 2], [1, 0], [2, 0], [3, 0], [0, 1], [0, 2], [1, 0], [0, 1], [1, 0], [0, 1], [0, 2], [2, 0]]"
../HEDGE RANSOM/db hedge ransomware full/128/bin/enc/encrypted_imageres.dll.enc-camellia-192-cbc0603,52,"[10012, 10044, 9983, 9961, 9992, 10082, 10170, 10038, 10053, 10018, 10085, 9924, 10059, 10062, 10055, 9957, 9941, 9980, 9947, 10051, 10081, 10056, 10016, 9962, 9998, 9989, 9936, 9811, 9788, 9997, 9966, 9982, 9957, 10006, 10000, 10020, 10137, 10015, 9982, 9944, 9930, 10099, 10056, 10079, 9950, 9977, 10091, 10084, 9948, 9965, 10023, 10018]","[10.470400000000154, 8.998400000000402, 14.463999999999942, 15.72479999999996, 26.700800000000527, 10.58560000000034, 19.097600000000057, 13.503999999999905, 13.952000000000226, 25.19680000000062, 13.484800000000178, 16.27520000000004, 15.417600000000675, 11.10400000000027, 20.77440000000024, 5.856000000000677, 20.902399999999943, 13.09439999999995, 12.812800000000607, 16.54399999999987, 7.910400000000664, 24.735999999999876, 12.147200000000339, 16.07679999999982, 9.369599999999991, 7.7503999999999, 17.868800000000192, 24.800000000000182, 24.864000000000487, 10.604800000000068, 20.755200000000514, 9.88799999999992, 10.860800000000381, 18.400000000000546, 7.641599999999926, 10.291200000000572, 9.96480000000065, 12.985599999999977, 8.678400000000693, 11.635200000000623, 26.937600000000202, 16.243199999999888, 18.41280000000006, 22.892800000000534, 11.449599999999919, 7.756800000000112, 23.583999999999833, 14.617600000000493, 18.88640000000032, 16.064000000000306, 10.912000000000262, 19.468800000000556]","[[2540, 1254, 647, 310, 159, 144], [2598, 1255, 625, 321, 148, 140], [2528, 1225, 599, 323, 151, 154], [2472, 1236, 616, 341, 162, 137], [2425, 1249, 620, 325, 164, 150], [2490, 1247, 602, 312, 166, 153], [2461, 1208, 614, 316, 161, 168], [2515, 1237, 579, 337, 140, 176], [2529, 1322, 608, 301, 156, 148], [2448, 1214, 605, 305, 171, 200], [2521, 1256, 612, 337, 149, 157], [2493, 1214, 625, 335, 136, 170], [2465, 1211, 608, 312, 147, 199], [2448, 1259, 646, 314, 146, 155], [2512, 1189, 678, 313, 162, 167], [2456, 1304, 647, 307, 156, 150], [2448, 1245, 622, 331, 175, 164], [2497, 1230, 660, 309, 165, 136], [2493, 1231, 657, 301, 142, 155], [2477, 1279, 609, 291, 151, 140], [2531, 1220, 612, 312, 181, 162], [2529, 1233, 589, 291, 168, 167], [2418, 1211, 632, 364, 166, 150], [2489, 1248, 623, 293, 167, 176], [2465, 1257, 633, 306, 151, 173], [2482, 1188, 624, 317, 174, 156], [2520, 1309, 626, 299, 147, 140], [2526, 1253, 628, 297, 165, 167], [2510, 1280, 577, 329, 171, 144], [2450, 1239, 646, 317, 157, 166], [2525, 1199, 630, 308, 152, 169], [2489, 1234, 637, 314, 144, 166], [2467, 1254, 653, 299, 160, 161], [2487, 1274, 623, 318, 157, 147], [2490, 1237, 663, 328, 161, 133], [2498, 1229, 624, 305, 157, 165], [2574, 1254, 600, 321, 160, 139], [2482, 1233, 631, 343, 162, 158], [2540, 1198, 630, 333, 143, 157], [2515, 1344, 598, 295, 163, 138], [2473, 1261, 685, 295, 170, 143], [2520, 1279, 623, 260, 156, 156], [2482, 1248, 626, 301, 173, 141], [2488, 1249, 625, 323, 139, 185], [2512, 1254, 608, 319, 127, 174], [2582, 1264, 534, 335, 162, 146], [2473, 1303, 612, 313, 150, 148], [2549, 1222, 631, 326, 153, 149], [2375, 1306, 596, 350, 140, 164], [2507, 1292, 628, 303, 164, 149], [2469, 1246, 633, 326, 166, 145], [2396, 1270, 627, 318, 161, 172]]","[[6, 0], [0, 1], [0, 3], [1, 0], [1, 0], [3, 0], [0, 2], [0, 2], [3, 0], [0, 1], [0, 3], [0, 3], [0, 1], [0, 1], [0, 1], [0, 7], [0, 1], [2, 0], [1, 0], [2, 0], [0, 3], [0, 2], [1, 0], [2, 0], [1, 0], [2, 0], [3, 0], [3, 0], [0, 5], [2, 0], [5, 0], [1, 0], [0, 1], [0, 2], [0, 1], [3, 0], [1, 0], [0, 1], [1, 0], [0, 1], [1, 0], [0, 2], [0, 4], [0, 1], [0, 2], [1, 0], [0, 1], [0, 1], [1, 0], [2, 0], [0, 1], [3, 0]]"
../HEDGE RANSOM/db hedge ransomware full/128/bin/enc/encrypted_mshtml.dll.enc-aes-128-cbc1301,52,"[9957, 10044, 10035, 9930, 9993, 10009, 9974, 10024, 10109, 10003, 9974, 9982, 10008, 9974, 10037, 9979, 9985, 9929, 9912, 10050, 10043, 9905, 10002, 9968, 9950, 9847, 10131, 9960, 9967, 10023, 10030, 9993, 9858, 10041, 9892, 9957, 9961, 10011, 10111, 10059, 10149, 9990, 10023, 10016, 9980, 10010, 10003, 9995, 9966, 9886, 9826, 10004]","[20.512000000000626, 23.788800000000265, 16.0, 8.076799999999821, 9.721599999999853, 4.972800000000461, 15.539200000000164, 14.016000000000531, 18.86080000000038, 14.182400000000598, 13.331200000000536, 12.927999999999884, 18.540800000000672, 18.182400000000598, 13.024000000000342, 13.9391999999998, 16.537600000000566, 11.5007999999998, 11.77599999999984, 8.755200000000514, 18.144000000000233, 8.3712000000005, 13.61279999999988, 16.787200000000666, 26.00960000000032, 19.391999999999825, 11.57760000000053, 12.99200000000019, 21.804799999999886, 16.416000000000167, 7.084800000000541, 16.7488000000003, 19.443200000000616, 20.339200000000346, 17.99040000000059, 12.0, 18.63040000000001, 8.64640000000054, 25.63839999999982, 12.192000000000007, 21.299200000000383, 24.217599999999948, 13.06880000000001, 10.70719999999983, 11.264000000000124, 16.179200000000492, 9.695999999999913, 9.107200000000375, 11.283199999999852, 12.543999999999869, 20.659200000000055, 12.742400000000089]","[[2444, 1213, 633, 311, 179, 153], [2542, 1246, 629, 340, 150, 134], [2541, 1208, 658, 313, 157, 143], [2512, 1283, 624, 307, 168, 143], [2466, 1249, 621, 312, 160, 155], [2452, 1200, 630, 339, 157, 167], [2553, 1295, 567, 335, 137, 148], [2523, 1267, 561, 318, 155, 168], [2621, 1219, 606, 331, 141, 146], [2504, 1259, 612, 306, 165, 167], [2428, 1211, 683, 315, 169, 152], [2561, 1308, 570, 305, 143, 152], [2465, 1262, 644, 298, 156, 171], [2378, 1267, 612, 325, 166, 167], [2528, 1236, 588, 318, 143, 165], [2474, 1204, 653, 343, 154, 152], [2497, 1218, 614, 334, 155, 157], [2540, 1247, 612, 310, 161, 141], [2523, 1256, 610, 302, 167, 152], [2440, 1266, 603, 344, 147, 158], [2368, 1288, 615, 328, 167, 164], [2512, 1260, 642, 289, 159, 150], [2445, 1230, 581, 324, 167, 173], [2495, 1316, 596, 309, 144, 158], [2504, 1320, 585, 305, 161, 131], [2540, 1181, 699, 307, 156, 141], [2567, 1259, 604, 298, 151, 150], [2423, 1238, 642, 329, 174, 138], [2435, 1247, 642, 345, 134, 171], [2450, 1269, 632, 291, 165, 163], [2513, 1281, 576, 335, 143, 162], [2551, 1221, 635, 310, 140, 150], [2586, 1268, 607, 314, 157, 134], [2360, 1324, 595, 311, 168, 165], [2524, 1232, 603, 313, 135, 187], [2429, 1257, 624, 311, 151, 156], [2451, 1349, 630, 303, 134, 174], [2510, 1225, 628, 308, 142, 169], [2578, 1242, 610, 316, 158, 156], [2551, 1226, 627, 314, 169, 141], [2480, 1213, 643, 296, 149, 168], [2543, 1271, 609, 303, 161, 165], [2503, 1249, 663, 301, 150, 169], [2431, 1269, 659, 323, 166, 140], [2498, 1271, 638, 299, 155, 155], [2433, 1246, 649, 308, 153, 176], [2468, 1266, 645, 306, 158, 159], [2511, 1185, 644, 296, 152, 175], [2499, 1268, 630, 298, 150, 161], [2450, 1233, 628, 307, 167, 169], [2580, 1238, 650, 298, 135, 148], [2491, 1227, 664, 331, 168, 143]]","[[0, 3], [0, 1], [1, 0], [0, 1], [4, 0], [0, 1], [1, 0], [0, 1], [0, 1], [2, 0], [0, 1], [0, 1], [2, 0], [0, 1], [0, 1], [0, 1], [9, 0], [1, 0], [1, 0], [3, 0], [0, 1], [1, 0], [2, 0], [6, 0], [0, 2], [2, 0], [2, 0], [2, 0], [0, 3], [0, 1], [0, 1], [0, 3], [0, 1], [1, 0], [2, 0], [1, 0], [0, 4], [0, 2], [0, 2], [2, 0], [0, 1], [2, 0], [0, 1], [5, 0], [0, 1], [2, 0], [0, 3], [3, 0], [1, 0], [4, 0], [1, 0], [0, 2]]"
../HEDGE RANSOM/db hedge ransomware full/128/bin/enc/encrypted_MaxxAudioCapture64.dll.enc-aes-128-cbc0505,52,"[10090, 10120, 9837, 10029, 9982, 10058, 9981, 9996, 10148, 10002, 9902, 9956, 10058, 10065, 9985, 9963, 9972, 10011, 10023, 9900, 10026, 9952, 9986, 10126, 10104, 9915, 10037, 10008, 10056, 10068, 10010, 10081, 9929, 10060, 10063, 10005, 9974, 9962, 10094, 10008, 10031, 9825, 10023, 9913, 9971, 10068, 9906, 10025, 9926, 10022, 10158, 10160]","[10.90560000000005, 20.4992000000002, 16.710399999999936, 11.296000000000276, 23.641599999999926, 13.555199999999786, 12.774400000000242, 7.660800000000563, 12.076799999999821, 18.227200000000266, 17.907200000000557, 21.177599999999984, 13.21600000000035, 16.05119999999988, 9.824000000000524, 24.99200000000019, 11.705600000000231, 25.408000000000357, 4.179200000000492, 11.219200000000455, 13.004800000000614, 13.83680000000004, 12.089600000000246, 30.790399999999863, 12.934400000000096, 14.547199999999975, 17.39519999999993, 12.409599999999955, 22.23360000000048, 23.7503999999999, 6.11200000000008, 17.849600000000464, 16.14720000000034, 10.540800000000672, 10.604800000000068, 16.057600000000093, 17.433600000000297, 11.916799999999967, 11.635200000000623, 21.11999999999989, 10.924800000000687, 28.633600000000115, 7.558399999999892, 15.641599999999926, 15.321600000000217, 10.431999999999789, 15.865600000000086, 15.289600000000064, 12.755200000000514, 9.868800000000192, 28.428800000000592, 11.462400000000343]","[[2529, 1229, 665, 303, 140, 153], [2421, 1185, 683, 336, 120, 183], [2481, 1305, 607, 301, 149, 162], [2463, 1247, 605, 299, 154, 182], [2489, 1230, 641, 320, 162, 164], [2575, 1177, 642, 289, 141, 175], [2521, 1207, 647, 324, 151, 144], [2550, 1258, 667, 298, 140, 148], [2509, 1241, 610, 333, 156, 157], [2467, 1217, 638, 317, 149, 177], [2506, 1229, 574, 310, 181, 167], [2471, 1233, 630, 346, 158, 147], [2491, 1218, 620, 317, 149, 170], [2436, 1254, 647, 330, 140, 170], [2490, 1258, 624, 306, 163, 154], [2460, 1200, 634, 309, 160, 168], [2532, 1228, 651, 289, 149, 178], [2459, 1259, 638, 307, 163, 156], [2475, 1252, 611, 316, 152, 159], [2548, 1259, 638, 292, 137, 162], [2457, 1243, 652, 327, 152, 150], [2416, 1287, 649, 319, 139, 155], [2486, 1225, 654, 324, 169, 132], [2454, 1321, 598, 314, 172, 145], [2467, 1237, 618, 319, 168, 162], [2479, 1232, 644, 299, 148, 165], [2446, 1293, 611, 324, 146, 145], [2501, 1275, 630, 286, 171, 160], [2429, 1238, 601, 335, 181, 169], [2538, 1240, 595, 322, 154, 147], [2494, 1215, 607, 345, 154, 161], [2506, 1252, 643, 299, 162, 145], [2466, 1252, 678, 298, 144, 151], [2442, 1275, 636, 329, 167, 145], [2421, 1280, 622, 332, 149, 157], [2534, 1302, 578, 282, 153, 167], [2494, 1234, 635, 318, 158, 157], [2451, 1255, 651, 315, 144, 144], [2479, 1259, 616, 318, 141, 163], [2473, 1326, 621, 312, 156, 145], [2470, 1231, 628, 294, 165, 189], [2442, 1297, 634, 323, 161, 158], [2523, 1267, 626, 306, 149, 153], [2519, 1167, 652, 324, 148, 156], [2555, 1227, 629, 323, 147, 146], [2569, 1244, 622, 291, 156, 163], [2534, 1244, 579, 307, 145, 170], [2521, 1215, 638, 311, 138, 166], [2486, 1297, 624, 310, 168, 139], [2503, 1268, 608, 313, 151, 173], [2438, 1311, 609, 302, 156, 168], [2565, 1235, 646, 313, 130, 150]]","[[1, 0], [0, 1], [0, 2], [0, 7], [0, 5], [0, 6], [1, 0], [1, 0], [0, 2], [2, 0], [1, 0], [0, 1], [0, 1], [0, 1], [1, 0], [1, 0], [2, 0], [1, 0], [1, 0], [3, 0], [0, 1], [1, 0], [0, 1], [1, 0], [2, 0], [3, 0], [0, 3], [0, 4], [1, 0], [0, 1], [0, 1], [0, 1], [0, 4], [0, 1], [0, 1], [0, 2], [0, 1], [1, 0], [0, 1], [2, 0], [2, 0], [0, 1], [0, 1], [0, 1], [3, 0], [1, 0], [0, 2], [4, 0], [1, 0], [0, 1], [2, 0], [1, 0]]"
../HEDGE RANSOM/db hedge ransomware full/128/bin/enc/encrypted_MaxxAudioCapture64.dll.enc-camellia-192-cbc0904,52,"[9907, 9910, 9959, 10081, 9990, 10015, 10164, 10008, 9954, 10045, 10048, 9979, 10002, 10053, 9920, 10001, 10059, 9929, 9959, 9923, 9901, 9904, 10057, 10090, 9923, 10087, 9995, 10178, 10066, 10025, 9944, 10017, 9949, 9941, 9939, 9891, 10096, 9937, 10057, 9957, 10015, 9872, 9948, 10047, 9992, 10084, 9882, 9996, 10061, 10107, 10022, 9994]","[9.46560000000045, 16.710399999999936, 11.712000000000444, 10.470400000000154, 17.523200000000543, 11.046400000000176, 19.48160000000007, 13.472000000000662, 15.97440000000006, 11.391999999999825, 10.355199999999968, 11.526400000000649, 10.617600000000493, 19.33440000000064, 18.444800000000214, 23.270400000000336, 15.692799999999806, 23.385600000000522, 26.38079999999991, 23.270400000000336, 23.539200000000164, 13.324800000000323, 11.987200000000485, 16.1216000000004, 11.014400000000023, 13.235200000000077, 11.942399999999907, 19.615999999999985, 21.254399999999805, 13.824000000000524, 25.68960000000061, 11.385600000000522, 11.60320000000047, 11.692799999999806, 14.899199999999837, 19.315200000000004, 8.435199999999895, 8.742400000000089, 11.244800000000396, 9.625600000000304, 9.779199999999946, 14.297599999999875, 25.33759999999984, 13.331200000000536, 13.459200000000237, 13.427200000000084, 14.291200000000572, 8.883200000000215, 9.606400000000576, 12.268799999999828, 11.097600000000057, 6.70719999999983]","[[2428, 1262, 612, 334, 150, 161], [2507, 1260, 624, 324, 157, 154], [2401, 1284, 633, 313, 166, 143], [2416, 1264, 604, 328, 133, 175], [2440, 1242, 629, 328, 147, 152], [2522, 1215, 626, 279, 162, 179], [2534, 1262, 586, 307, 177, 157], [2487, 1264, 600, 308, 178, 151], [2513, 1286, 647, 286, 141, 164], [2533, 1253, 646, 290, 155, 157], [2497, 1223, 647, 341, 163, 148], [2504, 1268, 596, 335, 152, 158], [2596, 1257, 629, 299, 150, 146], [2552, 1161, 661, 314, 162, 152], [2537, 1203, 611, 304, 168, 151], [2439, 1270, 619, 323, 165, 154], [2434, 1258, 683, 311, 174, 134], [2482, 1309, 630, 299, 157, 152], [2555, 1176, 630, 332, 146, 145], [2469, 1259, 629, 353, 165, 168], [2432, 1229, 667, 327, 141, 169], [2485, 1285, 626, 309, 160, 138], [2500, 1201, 630, 328, 180, 139], [2505, 1241, 628, 292, 166, 168], [2550, 1240, 663, 296, 151, 146], [2460, 1206, 650, 291, 163, 159], [2481, 1269, 634, 288, 156, 171], [2465, 1257, 641, 327, 159, 149], [2477, 1237, 656, 295, 163, 152], [2546, 1182, 627, 340, 163, 140], [2502, 1225, 707, 321, 153, 150], [2464, 1229, 638, 321, 150, 165], [2361, 1221, 676, 338, 162, 156], [2519, 1211, 614, 326, 158, 148], [2575, 1232, 580, 289, 182, 156], [2411, 1267, 636, 316, 168, 153], [2459, 1232, 636, 297, 167, 163], [2434, 1300, 625, 324, 161, 158], [2454, 1227, 638, 327, 137, 164], [2525, 1218, 614, 338, 159, 155], [2461, 1275, 624, 334, 142, 150], [2536, 1247, 652, 299, 153, 161], [2541, 1175, 671, 315, 155, 152], [2551, 1249, 648, 301, 156, 153], [2513, 1235, 604, 298, 176, 145], [2510, 1273, 606, 297, 150, 175], [2481, 1243, 603, 316, 164, 170], [2500, 1204, 674, 299, 148, 166], [2510, 1240, 659, 316, 147, 152], [2454, 1282, 636, 306, 148, 157], [2524, 1264, 608, 317, 174, 149], [2487, 1287, 619, 303, 158, 156]]","[[5, 0], [3, 0], [0, 1], [0, 1], [4, 0], [5, 0], [3, 0], [0, 1], [0, 1], [1, 0], [2, 0], [0, 2], [3, 0], [0, 2], [0, 4], [1, 0], [5, 0], [0, 2], [0, 1], [1, 0], [0, 1], [1, 0], [1, 0], [2, 0], [0, 2], [0, 4], [0, 1], [0, 1], [1, 0], [6, 0], [2, 0], [1, 0], [0, 1], [1, 0], [1, 0], [0, 3], [1, 0], [0, 1], [0, 1], [0, 1], [3, 0], [1, 0], [0, 2], [2, 0], [0, 1], [0, 4], [0, 2], [4, 0], [4, 0], [1, 0], [1, 0], [3, 0]]"
../HEDGE RANSOM/db hedge ransomware full/128/bin/enc/encrypted_imageres.dll.enc-camellia-128-cbc1306,52,"[10026, 9880, 10042, 9996, 9875, 10092, 9928, 9991, 9946, 9995, 9970, 10034, 9964, 9914, 9837, 10056, 9971, 10068, 10012, 10160, 9971, 10114, 10110, 9992, 9967, 9952, 10040, 10098, 9910, 10055, 9958, 10071, 9941, 9916, 9890, 9891, 9956, 10038, 9964, 10053, 10074, 9983, 9952, 10027, 10009, 9859, 10131, 10035, 9985, 9986, 10011, 9961]","[13.472000000000662, 22.156800000000658, 16.12800000000061, 12.096000000000458, 10.169600000000173, 27.48160000000007, 11.942399999999907, 10.5600000000004, 10.297599999999875, 17.126400000000103, 12.204800000000432, 18.803200000000288, 8.908800000000156, 14.131199999999808, 16.633600000000115, 12.320000000000618, 10.924800000000687, 18.995200000000295, 11.40480000000025, 17.600000000000364, 25.433600000000297, 18.048000000000684, 13.76640000000043, 14.438400000000001, 13.63839999999982, 9.625600000000304, 15.891200000000026, 20.49279999999999, 12.480000000000473, 11.807999999999993, 12.684799999999996, 14.655999999999949, 8.057600000000093, 22.291200000000572, 6.745600000000195, 12.704000000000633, 9.849600000000464, 15.18080000000009, 12.678400000000693, 13.792000000000371, 21.21600000000035, 13.49120000000039, 19.0592000000006, 8.211200000000645, 10.649600000000646, 9.503999999999905, 16.49279999999999, 17.177599999999984, 20.44800000000032, 7.936000000000604, 24.089600000000246, 9.376000000000204]","[[2417, 1236, 602, 326, 176, 168], [2427, 1259, 667, 300, 171, 152], [2522, 1305, 610, 323, 148, 140], [2476, 1229, 618, 351, 150, 149], [2439, 1247, 657, 318, 169, 152], [2533, 1241, 629, 307, 152, 146], [2510, 1230, 603, 314, 164, 167], [2535, 1257, 625, 323, 158, 154], [2519, 1242, 613, 315, 163, 153], [2610, 1286, 595, 291, 162, 145], [2439, 1245, 646, 307, 156, 157], [2556, 1267, 587, 307, 162, 160], [2428, 1259, 639, 307, 178, 157], [2526, 1273, 593, 318, 149, 162], [2515, 1211, 641, 309, 136, 179], [2561, 1215, 592, 353, 155, 148], [2552, 1141, 639, 341, 147, 167], [2508, 1236, 643, 303, 157, 147], [2528, 1229, 660, 302, 152, 146], [2358, 1289, 616, 310, 142, 179], [2506, 1265, 615, 313, 162, 156], [2512, 1260, 638, 310, 148, 160], [2424, 1217, 659, 322, 145, 183], [2478, 1222, 648, 302, 161, 170], [2489, 1219, 602, 343, 160, 157], [2463, 1336, 620, 308, 128, 160], [2544, 1186, 639, 312, 155, 171], [2535, 1278, 645, 304, 159, 147], [2482, 1216, 638, 308, 162, 169], [2514, 1281, 616, 318, 150, 159], [2512, 1249, 609, 315, 151, 158], [2501, 1273, 620, 312, 144, 170], [2466, 1272, 640, 333, 144, 151], [2500, 1274, 619, 298, 150, 156], [2473, 1250, 667, 285, 150, 162], [2445, 1278, 624, 321, 164, 156], [2536, 1256, 623, 312, 157, 142], [2550, 1192, 605, 327, 132, 168], [2430, 1263, 625, 321, 152, 176], [2507, 1270, 653, 287, 139, 148], [2566, 1213, 600, 296, 174, 153], [2433, 1282, 624, 283, 149, 187], [2382, 1305, 673, 296, 159, 154], [2515, 1232, 608, 323, 154, 163], [2471, 1237, 633, 303, 194, 155], [2450, 1324, 615, 318, 159, 135], [2453, 1285, 628, 320, 134, 173], [2460, 1232, 605, 310, 172, 181], [2464, 1293, 619, 322, 175, 149], [2385, 1258, 647, 324, 168, 159], [2510, 1239, 602, 332, 174, 144], [2591, 1252, 571, 329, 157, 158]]","[[0, 1], [0, 1], [2, 0], [0, 3], [0, 1], [2, 0], [0, 4], [0, 1], [2, 0], [1, 0], [3, 0], [3, 0], [1, 0], [5, 0], [0, 2], [0, 1], [1, 0], [0, 2], [1, 0], [0, 1], [7, 0], [1, 0], [1, 0], [1, 0], [2, 0], [0, 2], [0, 1], [0, 1], [0, 1], [3, 0], [2, 0], [1, 0], [0, 2], [4, 0], [2, 0], [0, 2], [0, 1], [0, 1], [0, 1], [1, 0], [0, 5], [0, 2], [0, 1], [3, 0], [1, 0], [0, 4], [0, 1], [0, 1], [1, 0], [1, 0], [2, 0], [1, 0]]"
../HEDGE RANSOM/db hedge ransomware full/128/bin/enc/encrypted_imageres.dll.enc-aes-256-cbc2103,52,"[10013, 10112, 10079, 10033, 9908, 10033, 10009, 10124, 10122, 9961, 10005, 9955, 9946, 10044, 9899, 9992, 9936, 9995, 9920, 10076, 9814, 9953, 9954, 9935, 9997, 10054, 10106, 9986, 9920, 10060, 10102, 10113, 10056, 10026, 9989, 10019, 9922, 9901, 10036, 9963, 10038, 10039, 9887, 9937, 9960, 10099, 10014, 10034, 10047, 10093, 9835, 10041]","[7.532799999999952, 17.036799999999857, 12.288000000000466, 13.945600000000013, 14.70719999999983, 12.121600000000399, 11.289600000000064, 14.131199999999808, 16.05119999999988, 7.788800000000265, 14.668800000000374, 13.894400000000132, 13.657600000000457, 15.347200000000157, 12.883200000000215, 11.55200000000059, 10.304000000000087, 13.76640000000043, 14.726400000000467, 16.332800000000134, 19.18080000000009, 30.36160000000018, 19.73120000000017, 17.606400000000576, 15.161600000000362, 13.420799999999872, 21.31840000000011, 17.14559999999983, 6.5600000000004, 20.3712000000005, 14.444800000000214, 14.630400000000009, 8.326399999999921, 18.105599999999868, 9.446399999999812, 11.456000000000131, 9.984000000000378, 6.796800000000076, 7.481600000000071, 19.846400000000358, 19.308799999999792, 17.126400000000103, 15.5007999999998, 8.288000000000466, 17.01760000000013, 16.288000000000466, 18.028800000000047, 12.940800000000309, 7.526400000000649, 15.270400000000336, 13.695999999999913, 12.543999999999869]","[[2485, 1275, 592, 318, 162, 155], [2399, 1253, 634, 342, 172, 161], [2472, 1281, 623, 308, 163, 156], [2531, 1308, 601, 307, 148, 156], [2441, 1242, 627, 321, 159, 156], [2528, 1305, 587, 311, 144, 164], [2473, 1267, 618, 324, 159, 154], [2412, 1250, 642, 311, 157, 172], [2590, 1231, 605, 329, 144, 147], [2560, 1209, 590, 313, 173, 159], [2484, 1272, 639, 311, 149, 153], [2586, 1199, 616, 290, 157, 166], [2473, 1256, 634, 316, 172, 144], [2474, 1282, 648, 300, 144, 170], [2433, 1269, 656, 317, 154, 151], [2539, 1252, 608, 326, 153, 155], [2504, 1247, 622, 319, 147, 144], [2405, 1309, 608, 295, 146, 177], [2453, 1265, 623, 314, 154, 183], [2464, 1277, 648, 285, 166, 145], [2555, 1259, 642, 288, 159, 148], [2579, 1254, 638, 304, 143, 146], [2487, 1219, 592, 308, 154, 170], [2483, 1212, 600, 327, 145, 182], [2517, 1213, 615, 325, 159, 171], [2482, 1254, 633, 302, 158, 151], [2536, 1231, 657, 315, 165, 147], [2493, 1263, 652, 304, 132, 166], [2556, 1242, 594, 305, 152, 159], [2599, 1313, 612, 261, 152, 156], [2560, 1273, 645, 290, 156, 136], [2515, 1236, 645, 325, 144, 157], [2527, 1240, 607, 339, 158, 145], [2573, 1274, 629, 287, 145, 140], [2471, 1251, 616, 327, 173, 151], [2575, 1228, 616, 303, 155, 157], [2506, 1214, 656, 320, 160, 144], [2498, 1268, 621, 299, 165, 161], [2553, 1208, 627, 325, 155, 147], [2371, 1313, 657, 294, 158, 173], [2455, 1276, 634, 316, 159, 165], [2498, 1225, 627, 274, 172, 164], [2538, 1218, 597, 333, 170, 145], [2579, 1291, 602, 310, 126, 147], [2454, 1247, 631, 327, 174, 153], [2476, 1285, 631, 295, 161, 148], [2524, 1259, 644, 305, 147, 166], [2501, 1283, 605, 311, 157, 155], [2491, 1261, 624, 299, 151, 168], [2523, 1245, 639, 305, 149, 165], [2520, 1248, 644, 321, 137, 153], [2434, 1237, 662, 325, 151, 155]]","[[1, 0], [0, 1], [0, 1], [0, 1], [3, 0], [0, 1], [0, 1], [1, 0], [1, 0], [1, 0], [3, 0], [0, 1], [1, 0], [0, 2], [0, 2], [0, 3], [1, 0], [1, 0], [0, 4], [2, 0], [2, 0], [0, 1], [0, 3], [1, 0], [0, 1], [1, 0], [0, 1], [0, 3], [3, 0], [0, 1], [3, 0], [0, 2], [0, 1], [0, 4], [1, 0], [0, 1], [0, 2], [0, 1], [7, 0], [3, 0], [0, 2], [3, 0], [0, 3], [1, 0], [0, 2], [3, 0], [3, 0], [2, 0], [0, 3], [1, 0], [0, 1], [0, 3]]"
../HEDGE RANSOM/db hedge ransomware full/128/bin/enc/encrypted_shell32.dll.enc-aes-192-cbc1603,52,"[10052, 10007, 9931, 10034, 10112, 10035, 10009, 10170, 9990, 9966, 9982, 9993, 10054, 10082, 9886, 10068, 10027, 10037, 9998, 9963, 10152, 10044, 10113, 10063, 10011, 9956, 10023, 9927, 10000, 10138, 9941, 10028, 10003, 10117, 9872, 9990, 9990, 10196, 9972, 10006, 10091, 10035, 10108, 9946, 10120, 9975, 10009, 9921, 10025, 9941, 10002, 9935]","[20.416000000000167, 9.523200000000543, 18.425600000000486, 16.10240000000067, 15.641599999999926, 19.436800000000403, 8.294400000000678, 29.19040000000041, 11.795200000000477, 10.93119999999999, 10.451200000000426, 15.87840000000051, 8.537600000000566, 13.49120000000039, 10.95679999999993, 14.912000000000262, 13.619200000000092, 15.03360000000066, 25.728000000000065, 16.012800000000425, 14.195200000000114, 14.425600000000486, 14.688000000000102, 12.582400000000234, 18.220800000000054, 19.590400000000045, 10.176000000000386, 7.18080000000009, 14.476800000000367, 11.820800000000418, 20.480000000000473, 13.056000000000495, 11.20640000000003, 20.81919999999991, 13.331200000000536, 9.113600000000588, 9.382400000000416, 22.36160000000018, 12.640000000000327, 8.684799999999996, 23.25759999999991, 19.193600000000515, 19.161600000000362, 10.08640000000014, 18.348800000000665, 7.276800000000549, 17.126400000000103, 16.288000000000466, 11.980800000000272, 17.856000000000677, 16.364800000000287, 15.03360000000066]","[[2500, 1313, 619, 320, 156, 121], [2453, 1284, 670, 297, 156, 146], [2504, 1138, 665, 322, 167, 158], [2475, 1216, 643, 293, 156, 171], [2546, 1328, 615, 285, 143, 157], [2515, 1191, 630, 333, 163, 159], [2530, 1218, 623, 307, 166, 158], [2510, 1252, 649, 287, 134, 156], [2438, 1226, 659, 316, 154, 168], [2483, 1266, 650, 286, 134, 166], [2419, 1273, 632, 304, 153, 178], [2502, 1244, 611, 308, 161, 171], [2426, 1224, 611, 330, 175, 157], [2459, 1307, 641, 319, 151, 149], [2467, 1214, 640, 346, 161, 151], [2470, 1264, 600, 339, 151, 172], [2461, 1204, 604, 328, 168, 174], [2535, 1228, 621, 319, 151, 163], [2480, 1200, 643, 326, 160, 151], [2531, 1252, 611, 318, 165, 152], [2466, 1185, 635, 317, 160, 162], [2618, 1253, 589, 304, 137, 162], [2543, 1246, 636, 314, 125, 166], [2437, 1310, 621, 317, 139, 152], [2488, 1214, 623, 330, 166, 166], [2422, 1238, 633, 305, 176, 165], [2463, 1242, 609, 311, 170, 158], [2562, 1276, 613, 287, 148, 168], [2514, 1245, 617, 312, 142, 157], [2476, 1244, 610, 320, 168, 156], [2570, 1196, 636, 336, 159, 126], [2550, 1276, 608, 304, 163, 139], [2456, 1261, 649, 304, 135, 178], [2519, 1208, 636, 301, 163, 148], [2507, 1251, 635, 313, 155, 162], [2534, 1257, 624, 297, 161, 157], [2416, 1250, 661, 310, 155, 157], [2487, 1227, 656, 306, 162, 169], [2516, 1259, 618, 302, 163, 155], [2533, 1289, 610, 324, 136, 146], [2521, 1241, 618, 301, 167, 154], [2500, 1256, 609, 297, 186, 143], [2490, 1296, 596, 320, 178, 131], [2452, 1249, 671, 299, 155, 161], [2495, 1256, 617, 329, 152, 152], [2450, 1282, 563, 308, 186, 157], [2581, 1258, 609, 285, 162, 152], [2436, 1219, 666, 322, 162, 164], [2500, 1272, 622, 290, 187, 153], [2502, 1283, 585, 306, 153, 157], [2492, 1287, 642, 291, 144, 145], [2553, 1194, 634, 319, 143, 162]]","[[3, 0], [0, 2], [1, 0], [5, 0], [0, 1], [0, 5], [2, 0], [0, 4], [2, 0], [1, 0], [0, 2], [1, 0], [1, 0], [1, 0], [1, 0], [0, 2], [0, 1], [0, 1], [0, 3], [1, 0], [0, 8], [2, 0], [1, 0], [1, 0], [1, 0], [0, 2], [0, 6], [1, 0], [0, 1], [2, 0], [1, 0], [1, 0], [1, 0], [1, 0], [0, 1], [1, 0], [0, 1], [0, 2], [0, 1], [0, 1], [3, 0], [0, 1], [0, 2], [1, 0], [0, 8], [1, 0], [1, 0], [0, 2], [0, 11], [5, 0], [0, 4], [1, 0]]"
../HEDGE RANSOM/db hedge ransomware full/128/bin/enc/encrypted_MaxxAudioCapture64.dll.enc-camellia-128-cbc0505,52,"[9988, 9908, 9997, 10026, 10087, 10010, 10103, 9759, 10000, 9986, 10051, 10090, 10063, 9883, 9945, 10023, 9977, 10041, 9962, 9938, 10065, 9998, 10024, 9984, 10206, 9989, 10000, 9942, 9891, 9904, 9923, 10059, 9969, 9974, 10100, 10208, 9873, 9969, 9944, 10074, 9996, 10079, 9841, 9933, 9929, 9985, 9989, 9967, 9982, 9986, 10111, 9981]","[11.084800000000541, 11.097600000000057, 9.472000000000662, 13.66400000000067, 14.278400000000147, 15.35360000000037, 22.23360000000048, 20.288000000000466, 12.083200000000033, 26.33600000000024, 16.32639999999992, 13.484800000000178, 15.238400000000183, 9.651200000000244, 20.435199999999895, 5.49120000000039, 18.20800000000054, 13.100800000000163, 14.406399999999849, 7.961600000000544, 9.651200000000244, 25.19040000000041, 10.169600000000173, 15.32800000000043, 28.12800000000061, 8.563200000000506, 7.788800000000265, 20.185599999999795, 21.17120000000068, 14.950400000000627, 21.71520000000055, 7.500799999999799, 21.29280000000017, 19.69920000000002, 15.199999999999818, 23.68000000000029, 20.14720000000034, 10.246399999999994, 14.451200000000426, 9.369599999999991, 19.62880000000041, 7.942399999999907, 16.640000000000327, 7.251200000000608, 17.695999999999913, 10.297599999999875, 21.61920000000009, 28.115200000000186, 15.257599999999911, 8.243199999999888, 18.93119999999999, 14.700800000000527]","[[2443, 1263, 620, 306, 160, 172], [2522, 1201, 642, 328, 155, 155], [2454, 1261, 613, 302, 165, 173], [2523, 1232, 585, 326, 169, 155], [2562, 1188, 668, 333, 132, 142], [2505, 1229, 642, 301, 146, 169], [2467, 1284, 617, 346, 151, 156], [2548, 1260, 588, 318, 161, 160], [2458, 1242, 635, 325, 164, 158], [2463, 1313, 627, 292, 164, 159], [2425, 1227, 640, 325, 169, 167], [2433, 1254, 622, 312, 151, 173], [2512, 1194, 656, 328, 156, 150], [2479, 1246, 602, 323, 165, 150], [2508, 1255, 628, 308, 156, 169], [2511, 1247, 648, 300, 154, 153], [2450, 1216, 659, 323, 144, 162], [2540, 1249, 623, 308, 162, 146], [2456, 1217, 588, 354, 155, 173], [2519, 1235, 642, 296, 174, 141], [2500, 1290, 643, 280, 156, 161], [2491, 1251, 587, 331, 179, 156], [2510, 1288, 582, 308, 170, 157], [2502, 1258, 613, 319, 171, 154], [2522, 1310, 611, 304, 158, 164], [2480, 1298, 641, 288, 149, 158], [2581, 1162, 622, 302, 154, 177], [2541, 1198, 616, 309, 143, 168], [2563, 1272, 606, 337, 159, 144], [2586, 1269, 600, 311, 165, 146], [2490, 1282, 597, 338, 136, 151], [2554, 1236, 643, 294, 141, 167], [2514, 1250, 637, 324, 163, 144], [2468, 1225, 618, 302, 173, 177], [2473, 1269, 642, 317, 162, 150], [2476, 1270, 656, 319, 158, 154], [2496, 1310, 626, 282, 157, 148], [2447, 1324, 618, 308, 171, 146], [2478, 1218, 599, 354, 169, 151], [2498, 1264, 631, 308, 137, 167], [2508, 1258, 611, 324, 155, 150], [2533, 1236, 628, 301, 149, 162], [2425, 1259, 640, 302, 161, 158], [2413, 1263, 652, 304, 191, 152], [2585, 1230, 616, 280, 158, 146], [2489, 1269, 607, 319, 150, 165], [2564, 1259, 576, 301, 149, 156], [2523, 1213, 628, 321, 158, 162], [2512, 1236, 614, 324, 155, 162], [2449, 1263, 666, 322, 152, 155], [2472, 1215, 613, 315, 162, 168], [2457, 1278, 654, 292, 154, 151]]","[[0, 1], [0, 3], [3, 0], [0, 1], [5, 0], [0, 3], [0, 2], [5, 0], [0, 2], [4, 0], [0, 1], [1, 0], [2, 0], [0, 2], [0, 3], [1, 0], [7, 0], [0, 5], [0, 1], [3, 0], [0, 2], [1, 0], [0, 2], [0, 1], [0, 3], [1, 0], [1, 0], [1, 0], [0, 2], [0, 2], [0, 1], [1, 0], [2, 0], [0, 4], [2, 0], [2, 0], [3, 0], [2, 0], [1, 0], [2, 0], [0, 1], [0, 1], [0, 2], [1, 0], [0, 1], [0, 1], [0, 2], [0, 1], [0, 2], [0, 1], [7, 0], [0, 1]]"
../HEDGE RANSOM/db hedge ransomware full/128/bin/enc/encrypted_imageres.dll.enc-camellia-128-cbc0903,52,"[9986, 9887, 10051, 10071, 9899, 9979, 10122, 9948, 10147, 10011, 10031, 9963, 9838, 10009, 9928, 9991, 10098, 10014, 9802, 10039, 9958, 9941, 9929, 9791, 9966, 10052, 10099, 10057, 9956, 10021, 10033, 9931, 10048, 9996, 9936, 10033, 10072, 9930, 10021, 10077, 10034, 10083, 10105, 10059, 9891, 9998, 9944, 10082, 10050, 9918, 10161, 9868]","[11.12960000000021, 12.59520000000066, 14.822400000000016, 10.067200000000412, 19.936000000000604, 19.82720000000063, 13.363200000000688, 14.220800000000054, 24.710399999999936, 14.470400000000154, 14.796800000000076, 11.532799999999952, 10.035200000000259, 11.219200000000455, 22.195200000000114, 17.536000000000058, 20.659200000000055, 9.683200000000397, 22.355199999999968, 15.590400000000045, 10.713600000000042, 14.68159999999989, 15.667199999999866, 20.217599999999948, 15.859199999999873, 23.840000000000146, 12.4992000000002, 10.13760000000002, 10.835200000000441, 9.71520000000055, 10.617600000000493, 21.772800000000643, 16.601599999999962, 11.027200000000448, 13.561599999999999, 15.622400000000198, 13.056000000000495, 13.824000000000524, 11.916799999999967, 14.131199999999808, 11.916799999999967, 14.764799999999923, 17.158400000000256, 9.311999999999898, 21.248000000000502, 14.124800000000505, 12.985599999999977, 17.695999999999913, 7.532799999999952, 23.840000000000146, 17.06880000000001, 17.798400000000584]","[[2569, 1217, 617, 321, 164, 148], [2417, 1250, 646, 296, 176, 157], [2613, 1275, 616, 311, 145, 135], [2401, 1253, 658, 323, 165, 147], [2467, 1259, 650, 294, 147, 153], [2459, 1249, 636, 316, 145, 155], [2488, 1249, 625, 303, 161, 165], [2471, 1265, 628, 308, 159, 159], [2567, 1205, 595, 314, 144, 170], [2548, 1249, 628, 298, 176, 151], [2504, 1248, 619, 293, 142, 161], [2503, 1282, 625, 313, 137, 147], [2518, 1236, 616, 293, 155, 165], [2474, 1240, 634, 316, 155, 147], [2539, 1299, 618, 332, 123, 158], [2576, 1265, 603, 334, 148, 152], [2415, 1310, 653, 324, 159, 124], [2521, 1244, 626, 310, 144, 157], [2458, 1272, 603, 315, 146, 164], [2601, 1261, 587, 322, 126, 168], [2530, 1263, 619, 313, 156, 152], [2565, 1279, 620, 318, 145, 151], [2509, 1251, 590, 316, 156, 144], [2453, 1204, 604, 318, 166, 185], [2521, 1255, 601, 293, 164, 162], [2448, 1267, 646, 338, 151, 144], [2596, 1214, 591, 306, 161, 146], [2535, 1256, 599, 312, 162, 153], [2393, 1255, 609, 344, 145, 155], [2531, 1300, 578, 304, 152, 159], [2609, 1243, 630, 310, 150, 146], [2461, 1194, 633, 332, 179, 155], [2433, 1214, 635, 338, 169, 154], [2472, 1263, 595, 288, 162, 163], [2515, 1238, 609, 307, 167, 157], [2570, 1245, 606, 311, 150, 134], [2452, 1347, 594, 312, 132, 154], [2517, 1272, 614, 311, 154, 142], [2487, 1289, 649, 320, 136, 131], [2427, 1201, 643, 307, 184, 160], [2491, 1284, 642, 308, 155, 149], [2510, 1265, 578, 326, 177, 149], [2586, 1210, 617, 310, 151, 155], [2489, 1240, 634, 284, 167, 159], [2508, 1267, 618, 302, 160, 137], [2545, 1250, 599, 341, 150, 145], [2521, 1279, 632, 319, 155, 143], [2493, 1254, 615, 321, 135, 171], [2474, 1236, 607, 312, 159, 176], [2590, 1259, 604, 301, 158, 136], [2435, 1271, 627, 320, 167, 166], [2571, 1262, 578, 323, 143, 155]]","[[2, 0], [1, 0], [2, 0], [0, 1], [4, 0], [0, 1], [1, 0], [4, 0], [2, 0], [0, 1], [0, 5], [0, 1], [0, 1], [0, 1], [1, 0], [0, 3], [6, 0], [1, 0], [3, 0], [0, 1], [5, 0], [0, 1], [4, 0], [0, 2], [1, 0], [0, 1], [1, 0], [0, 1], [3, 0], [0, 4], [1, 0], [3, 0], [1, 0], [0, 1], [0, 1], [2, 0], [0, 1], [6, 0], [2, 0], [3, 0], [2, 0], [0, 1], [1, 0], [0, 2], [2, 0], [2, 0], [1, 0], [1, 0], [2, 0], [1, 0], [1, 0], [2, 0]]"
../HEDGE RANSOM/db hedge ransomware full/128/bin/enc/encrypted_busybox.enc-aes-128-cbc0003,52,"[9972, 9990, 10012, 9978, 10096, 9983, 10101, 10036, 9998, 9924, 9990, 10054, 10002, 9891, 9844, 9950, 9803, 10079, 9922, 10021, 9860, 9988, 10039, 9964, 10035, 9966, 9999, 9945, 10053, 10069, 10091, 9900, 10031, 10035, 9887, 10113, 9994, 10168, 9884, 10054, 9945, 9995, 10081, 10009, 9908, 9947, 9992, 9992, 9926, 10059, 9985, 9964]","[19.123199999999997, 18.70719999999983, 7.718400000000656, 11.558399999999892, 17.574400000000423, 24.94080000000031, 8.313600000000406, 4.531200000000354, 21.100800000000163, 7.039999999999964, 13.420799999999872, 12.851200000000063, 10.98239999999987, 13.753600000000006, 20.339200000000346, 22.841600000000653, 14.726400000000467, 11.942399999999907, 12.947200000000521, 15.961600000000544, 23.987200000000485, 12.339200000000346, 16.4992000000002, 20.588800000000447, 16.416000000000167, 17.38880000000063, 11.231999999999971, 9.574400000000423, 16.159999999999854, 18.790399999999863, 18.23360000000048, 13.132800000000316, 13.139200000000528, 18.195200000000114, 15.366399999999885, 16.006400000000212, 14.425600000000486, 27.814400000000205, 9.68960000000061, 14.380799999999908, 13.843200000000252, 3.769600000000537, 20.32000000000062, 11.967999999999847, 16.665600000000268, 20.97280000000046, 4.793599999999969, 19.846400000000358, 17.427200000000084, 6.75840000000062, 12.627199999999903, 19.622400000000198]","[[2495, 1257, 633, 316, 147, 158], [2552, 1220, 628, 319, 145, 151], [2520, 1208, 611, 336, 164, 165], [2495, 1251, 618, 329, 152, 143], [2534, 1244, 629, 309, 162, 141], [2477, 1210, 696, 338, 144, 152], [2503, 1242, 597, 330, 171, 157], [2542, 1194, 648, 307, 153, 159], [2507, 1254, 586, 320, 151, 170], [2525, 1259, 592, 318, 167, 158], [2470, 1261, 594, 315, 155, 156], [2483, 1266, 616, 306, 143, 169], [2453, 1291, 615, 330, 127, 171], [2489, 1229, 647, 338, 159, 147], [2465, 1275, 631, 293, 166, 166], [2542, 1301, 616, 294, 152, 149], [2528, 1242, 600, 298, 154, 172], [2571, 1202, 591, 319, 178, 167], [2491, 1202, 630, 314, 174, 149], [2503, 1292, 624, 301, 125, 159], [2593, 1236, 599, 306, 133, 163], [2564, 1231, 611, 323, 150, 150], [2522, 1238, 642, 325, 141, 145], [2582, 1274, 597, 291, 153, 169], [2492, 1256, 611, 310, 179, 160], [2472, 1246, 608, 323, 138, 178], [2448, 1295, 631, 307, 164, 142], [2458, 1250, 590, 340, 160, 161], [2463, 1294, 625, 300, 134, 172], [2486, 1272, 632, 290, 157, 157], [2485, 1279, 615, 335, 144, 166], [2489, 1185, 682, 322, 146, 138], [2479, 1307, 620, 318, 158, 149], [2598, 1243, 608, 289, 149, 157], [2520, 1232, 607, 329, 147, 148], [2474, 1224, 595, 293, 150, 193], [2552, 1279, 612, 291, 143, 161], [2424, 1194, 612, 327, 162, 169], [2471, 1221, 611, 326, 177, 155], [2446, 1308, 630, 307, 130, 152], [2537, 1242, 575, 350, 160, 172], [2539, 1236, 621, 304, 168, 152], [2473, 1222, 648, 354, 146, 146], [2546, 1267, 565, 327, 157, 149], [2487, 1278, 569, 328, 172, 172], [2542, 1268, 652, 311, 138, 151], [2575, 1218, 634, 315, 145, 158], [2484, 1300, 650, 320, 157, 138], [2473, 1227, 638, 312, 179, 166], [2535, 1246, 592, 346, 136, 159], [2489, 1241, 616, 328, 145, 165], [2526, 1228, 626, 303, 164, 159]]","[[0, 4], [1, 0], [3, 0], [0, 1], [3, 0], [7, 0], [0, 1], [0, 1], [1, 0], [0, 1], [0, 1], [1, 0], [3, 0], [0, 1], [2, 0], [1, 0], [0, 1], [1, 0], [0, 2], [0, 2], [0, 2], [2, 0], [1, 0], [0, 1], [1, 0], [0, 3], [1, 0], [0, 5], [2, 0], [2, 0], [0, 1], [0, 1], [2, 0], [0, 1], [1, 0], [0, 1], [5, 0], [0, 2], [2, 0], [0, 4], [1, 0], [0, 2], [5, 0], [0, 1], [3, 0], [0, 1], [0, 3], [0, 1], [0, 2], [1, 0], [0, 1], [0, 1]]"
../HEDGE RANSOM/db hedge ransomware full/128/bin/enc/encrypted_mshtml.dll.enc-aes-128-cbc1905,52,"[9962, 9961, 9938, 10014, 9902, 10050, 9948, 10021, 9885, 10036, 9970, 10059, 9911, 10058, 9820, 9917, 10027, 9895, 9948, 10085, 9941, 10015, 9980, 10060, 9976, 10061, 10031, 10128, 9955, 9960, 10093, 10037, 9963, 10090, 10124, 9940, 10034, 10106, 10021, 10042, 9968, 9868, 9959, 9942, 9923, 9923, 10122, 10102, 9985, 10073, 10154, 10040]","[15.737600000000384, 15.097600000000057, 8.67200000000048, 12.556800000000294, 21.350400000000263, 16.166400000000067, 23.33440000000064, 5.376000000000204, 17.452800000000025, 16.576000000000022, 21.996799999999894, 31.5007999999998, 34.33600000000024, 17.63839999999982, 22.150400000000445, 16.735999999999876, 12.806400000000394, 15.769600000000537, 20.05119999999988, 12.480000000000473, 18.24000000000069, 17.920000000000073, 25.91359999999986, 16.179200000000492, 13.971199999999953, 19.910400000000664, 9.158400000000256, 15.680000000000291, 11.18080000000009, 11.60320000000047, 9.708800000000338, 20.851200000000063, 17.651200000000244, 15.123199999999997, 21.299200000000383, 14.739199999999983, 10.278400000000147, 20.038400000000365, 6.655999999999949, 17.19040000000041, 10.630400000000009, 20.108799999999974, 6.521600000000035, 8.377599999999802, 14.630400000000009, 23.001600000000508, 10.5600000000004, 16.51839999999993, 14.463999999999942, 14.150400000000445, 20.26879999999983, 7.328000000000429]","[[2512, 1312, 648, 306, 144, 148], [2480, 1266, 655, 291, 148, 164], [2503, 1208, 609, 326, 153, 161], [2552, 1232, 616, 335, 154, 132], [2505, 1289, 589, 337, 160, 147], [2525, 1251, 631, 317, 160, 152], [2485, 1238, 615, 327, 152, 154], [2537, 1255, 632, 303, 166, 145], [2492, 1260, 615, 305, 150, 157], [2467, 1249, 609, 320, 155, 166], [2548, 1191, 617, 327, 175, 169], [2578, 1169, 631, 318, 154, 166], [2475, 1240, 629, 310, 152, 158], [2518, 1243, 596, 328, 156, 156], [2473, 1266, 598, 307, 151, 170], [2468, 1232, 643, 342, 136, 152], [2530, 1268, 661, 318, 130, 148], [2419, 1279, 613, 326, 159, 164], [2510, 1196, 629, 290, 157, 161], [2469, 1216, 629, 304, 166, 189], [2456, 1208, 649, 307, 164, 162], [2573, 1253, 597, 288, 159, 151], [2546, 1267, 607, 329, 145, 145], [2552, 1247, 603, 286, 169, 163], [2492, 1235, 672, 302, 157, 150], [2509, 1236, 603, 333, 163, 155], [2551, 1237, 633, 299, 164, 158], [2481, 1253, 608, 324, 166, 151], [2459, 1283, 645, 288, 147, 151], [2574, 1264, 602, 294, 175, 134], [2434, 1300, 607, 295, 167, 156], [2457, 1298, 637, 319, 156, 143], [2507, 1176, 639, 300, 165, 168], [2507, 1239, 608, 318, 154, 159], [2586, 1263, 615, 311, 143, 150], [2545, 1287, 594, 322, 156, 161], [2436, 1263, 597, 308, 173, 160], [2549, 1231, 626, 327, 139, 162], [2550, 1278, 606, 298, 145, 161], [2396, 1324, 649, 316, 181, 138], [2529, 1293, 612, 307, 157, 141], [2440, 1221, 633, 327, 166, 174], [2478, 1241, 634, 329, 153, 161], [2476, 1272, 610, 315, 160, 164], [2541, 1300, 628, 302, 134, 155], [2498, 1254, 629, 310, 159, 155], [2455, 1258, 642, 327, 163, 147], [2553, 1290, 621, 293, 138, 159], [2525, 1193, 620, 307, 148, 169], [2501, 1191, 653, 321, 148, 166], [2544, 1252, 612, 283, 169, 153], [2549, 1204, 636, 301, 165, 153]]","[[0, 1], [1, 0], [4, 0], [2, 0], [0, 1], [0, 1], [1, 0], [3, 0], [0, 1], [2, 0], [0, 1], [1, 0], [1, 0], [0, 1], [0, 1], [0, 1], [1, 0], [1, 0], [1, 0], [0, 1], [1, 0], [2, 0], [1, 0], [1, 0], [0, 3], [0, 1], [1, 0], [1, 0], [0, 1], [0, 2], [0, 1], [1, 0], [0, 3], [3, 0], [0, 1], [2, 0], [1, 0], [0, 1], [2, 0], [0, 1], [3, 0], [0, 1], [1, 0], [1, 0], [1, 0], [2, 0], [0, 1], [2, 0], [0, 1], [0, 3], [5, 0], [0, 4]]"
../HEDGE RANSOM/db hedge ransomware full/128/bin/enc/encrypted_MaxxAudioRenderAVX64.dll.enc-aes-192-cbc1906,52,"[9897, 10029, 10046, 10037, 10052, 9963, 9915, 10036, 10030, 10071, 9987, 10142, 9973, 10011, 10032, 9980, 9915, 9986, 9895, 9970, 10077, 10131, 10067, 9906, 9960, 9930, 10069, 9934, 9962, 10096, 9961, 9990, 10035, 10002, 10044, 9952, 10035, 9956, 9971, 9979, 10063, 9980, 9916, 9848, 9967, 9982, 10006, 10040, 9978, 10188, 10032, 10033]","[23.00799999999981, 16.14720000000034, 6.553600000000188, 8.947200000000521, 20.185599999999795, 13.004800000000614, 17.702400000000125, 10.048000000000684, 12.934400000000096, 18.90560000000005, 24.089600000000246, 24.089600000000246, 7.187200000000303, 9.369599999999991, 10.777600000000348, 15.244800000000396, 16.94720000000052, 24.32000000000062, 9.747199999999793, 7.673600000000079, 17.536000000000058, 17.849600000000464, 25.683200000000397, 14.688000000000102, 8.3712000000005, 18.073600000000624, 10.745600000000195, 11.116800000000694, 18.297599999999875, 8.332800000000134, 14.028800000000047, 10.963200000000143, 10.079999999999927, 5.318400000000111, 7.891200000000026, 15.961600000000544, 14.8096000000005, 17.33759999999984, 11.423999999999978, 6.4384000000000015, 10.617600000000493, 9.056000000000495, 13.875200000000405, 19.942399999999907, 14.227200000000266, 10.630400000000009, 16.7488000000003, 24.927999999999884, 6.579200000000128, 19.820800000000418, 13.708800000000338, 17.126400000000103]","[[2511, 1219, 618, 313, 182, 152], [2520, 1221, 599, 292, 166, 176], [2534, 1200, 602, 330, 179, 151], [2535, 1222, 583, 316, 167, 174], [2474, 1238, 609, 298, 183, 159], [2502, 1319, 617, 297, 168, 147], [2557, 1264, 619, 301, 149, 146], [2530, 1221, 633, 315, 142, 142], [2519, 1238, 618, 318, 150, 162], [2525, 1254, 623, 316, 159, 159], [2482, 1203, 638, 332, 148, 170], [2531, 1259, 606, 308, 146, 168], [2529, 1224, 651, 300, 166, 139], [2490, 1274, 646, 322, 149, 150], [2529, 1179, 612, 339, 177, 147], [2498, 1328, 612, 295, 162, 144], [2434, 1301, 609, 325, 158, 146], [2533, 1258, 636, 319, 151, 134], [2448, 1264, 588, 326, 162, 163], [2490, 1248, 641, 321, 157, 150], [2512, 1322, 612, 297, 138, 164], [2491, 1220, 650, 313, 155, 163], [2473, 1216, 628, 327, 148, 155], [2517, 1243, 639, 305, 134, 153], [2514, 1234, 633, 302, 173, 141], [2610, 1259, 637, 298, 124, 151], [2447, 1207, 659, 326, 145, 166], [2418, 1281, 594, 318, 165, 169], [2505, 1229, 640, 317, 145, 156], [2432, 1272, 641, 313, 152, 162], [2525, 1245, 626, 316, 156, 142], [2404, 1242, 618, 312, 176, 164], [2502, 1296, 602, 327, 134, 154], [2442, 1224, 602, 329, 158, 172], [2535, 1249, 622, 324, 156, 143], [2501, 1222, 661, 325, 148, 147], [2492, 1281, 632, 298, 163, 148], [2475, 1300, 583, 343, 154, 166], [2438, 1225, 654, 306, 165, 161], [2528, 1241, 579, 342, 170, 150], [2441, 1215, 653, 310, 182, 156], [2547, 1278, 632, 289, 120, 167], [2537, 1237, 649, 302, 156, 146], [2512, 1246, 630, 306, 143, 156], [2532, 1329, 602, 290, 148, 138], [2646, 1203, 620, 303, 155, 138], [2443, 1225, 623, 329, 161, 187], [2524, 1234, 626, 271, 166, 174], [2445, 1271, 622, 324, 178, 145], [2500, 1266, 604, 328, 154, 135], [2541, 1260, 588, 304, 157, 161], [2500, 1278, 607, 328, 162, 159]]","[[0, 1], [1, 0], [0, 1], [3, 0], [0, 1], [0, 2], [2, 0], [0, 2], [0, 2], [1, 0], [0, 1], [0, 3], [4, 0], [1, 0], [0, 1], [4, 0], [1, 0], [2, 0], [0, 1], [0, 1], [0, 3], [1, 0], [1, 0], [0, 2], [1, 0], [0, 2], [1, 0], [5, 0], [0, 1], [0, 1], [2, 0], [0, 6], [2, 0], [1, 0], [1, 0], [1, 0], [0, 2], [0, 4], [2, 0], [5, 0], [4, 0], [1, 0], [0, 1], [0, 1], [1, 0], [3, 0], [0, 1], [0, 4], [0, 1], [5, 0], [0, 1], [0, 2]]"
../HEDGE RANSOM/db hedge ransomware full/128/bin/enc/encrypted_MaxxAudioRender64.dll.enc-camellia-192-cbc2100,52,"[10073, 9961, 9974, 9949, 10001, 9937, 10018, 9994, 9998, 9998, 9956, 10017, 9922, 9932, 10018, 9934, 10131, 9970, 9903, 10015, 9976, 10206, 9930, 9962, 9996, 10045, 10021, 10049, 9960, 9944, 10061, 10012, 9965, 9958, 10086, 9906, 9906, 9966, 9996, 10095, 9869, 9957, 10142, 9980, 9731, 9993, 9981, 10049, 9997, 10167, 10038, 9995]","[14.944000000000415, 10.592000000000553, 13.286399999999958, 8.640000000000327, 11.436800000000403, 34.11840000000029, 12.134399999999914, 16.556800000000294, 11.80160000000069, 8.454400000000533, 19.219200000000455, 8.563200000000506, 18.98239999999987, 21.56800000000021, 6.476800000000367, 18.144000000000233, 16.185599999999795, 15.225600000000668, 13.286399999999958, 18.003200000000106, 15.85280000000057, 23.955200000000332, 18.316800000000512, 8.556800000000294, 17.13920000000053, 10.630400000000009, 22.521600000000035, 18.470400000000154, 15.7503999999999, 12.320000000000618, 7.168000000000575, 11.174399999999878, 17.66400000000067, 11.449599999999919, 15.635200000000623, 16.05119999999988, 13.83680000000004, 13.09439999999995, 12.883200000000215, 21.299200000000383, 16.307200000000194, 11.55200000000059, 19.820800000000418, 11.545600000000377, 29.36320000000069, 7.116800000000694, 15.283199999999852, 10.5600000000004, 15.481600000000071, 9.433600000000297, 13.734400000000278, 21.075200000000223]","[[2566, 1234, 637, 293, 168, 143], [2452, 1302, 598, 315, 164, 162], [2475, 1291, 599, 322, 165, 148], [2471, 1266, 643, 306, 145, 150], [2562, 1261, 647, 324, 166, 125], [2472, 1263, 695, 291, 163, 140], [2481, 1209, 664, 328, 160, 158], [2605, 1245, 602, 331, 134, 136], [2437, 1269, 655, 310, 155, 174], [2466, 1273, 650, 317, 154, 143], [2479, 1216, 637, 320, 161, 156], [2529, 1272, 619, 323, 158, 146], [2599, 1202, 622, 309, 165, 152], [2524, 1240, 630, 301, 169, 142], [2450, 1236, 636, 326, 142, 175], [2481, 1228, 621, 311, 182, 157], [2535, 1267, 613, 316, 159, 150], [2464, 1322, 616, 309, 153, 141], [2505, 1242, 636, 317, 153, 148], [2545, 1198, 643, 305, 157, 159], [2394, 1279, 650, 347, 143, 154], [2484, 1216, 649, 353, 130, 144], [2488, 1292, 591, 326, 149, 181], [2515, 1237, 616, 316, 172, 160], [2443, 1243, 599, 337, 146, 171], [2453, 1184, 637, 339, 172, 150], [2571, 1232, 608, 290, 162, 175], [2478, 1267, 636, 296, 167, 148], [2470, 1240, 675, 311, 147, 144], [2462, 1261, 633, 297, 162, 164], [2511, 1239, 592, 338, 151, 153], [2417, 1288, 587, 315, 175, 167], [2461, 1245, 652, 322, 160, 153], [2464, 1305, 570, 344, 154, 156], [2496, 1211, 614, 300, 149, 167], [2489, 1240, 646, 316, 146, 151], [2536, 1212, 612, 295, 177, 176], [2560, 1240, 629, 294, 149, 159], [2488, 1203, 646, 310, 165, 153], [2453, 1248, 632, 329, 153, 161], [2474, 1218, 602, 313, 179, 178], [2435, 1258, 649, 352, 146, 146], [2525, 1245, 651, 271, 168, 153], [2545, 1249, 600, 293, 154, 164], [2439, 1270, 641, 321, 162, 149], [2475, 1268, 637, 298, 155, 163], [2478, 1250, 680, 291, 140, 163], [2475, 1284, 619, 308, 154, 164], [2537, 1216, 606, 340, 181, 139], [2563, 1265, 619, 303, 139, 158], [2575, 1222, 571, 303, 179, 170], [2489, 1251, 609, 283, 163, 169]]","[[3, 0], [1, 0], [5, 0], [3, 0], [0, 1], [1, 0], [0, 4], [6, 0], [1, 0], [1, 0], [1, 0], [0, 7], [0, 1], [1, 0], [2, 0], [0, 5], [0, 3], [0, 4], [0, 1], [1, 0], [0, 1], [2, 0], [0, 1], [1, 0], [1, 0], [4, 0], [3, 0], [0, 1], [1, 0], [0, 4], [0, 5], [0, 3], [4, 0], [0, 2], [0, 1], [0, 2], [0, 4], [1, 0], [0, 6], [0, 1], [0, 1], [1, 0], [3, 0], [0, 1], [3, 0], [0, 3], [0, 1], [1, 0], [0, 2], [0, 1], [0, 1], [0, 1]]"
../HEDGE RANSOM/db hedge ransomware full/128/bin/enc/encrypted_mshtml.dll.enc-camellia-192-cbc0900,52,"[9991, 9973, 10015, 9901, 9966, 10149, 9983, 10066, 9990, 10056, 10009, 10062, 10074, 9940, 9968, 9936, 9964, 9832, 9952, 9933, 9907, 9975, 9862, 9937, 10006, 9913, 9952, 9936, 9925, 10046, 9911, 10052, 9983, 10025, 10064, 10080, 9907, 9997, 9954, 10040, 9996, 9873, 10011, 9969, 10016, 9985, 10010, 10058, 9973, 9988, 9998, 9948]","[11.417600000000675, 10.579200000000128, 11.846400000000358, 17.632000000000517, 8.960000000000036, 14.240000000000691, 5.766400000000431, 26.93119999999999, 15.347200000000157, 14.566400000000613, 10.918400000000474, 22.85440000000017, 9.676800000000185, 11.648000000000138, 7.942399999999907, 18.78400000000056, 13.920000000000073, 16.0, 11.884799999999814, 11.80160000000069, 19.788800000000265, 14.201600000000326, 21.030400000000554, 12.409599999999955, 14.572799999999916, 18.48320000000058, 9.568000000000211, 19.417600000000675, 13.395199999999932, 13.011199999999917, 10.079999999999927, 11.94880000000012, 6.873599999999897, 21.36320000000069, 23.423999999999978, 11.7503999999999, 13.600000000000364, 14.348800000000665, 25.88799999999992, 32.115200000000186, 13.062399999999798, 22.726400000000467, 9.881600000000617, 17.61279999999988, 18.067200000000412, 18.924800000000687, 12.576000000000022, 15.558399999999892, 19.136000000000422, 8.10240000000067, 10.022399999999834, 15.43040000000019]","[[2547, 1203, 636, 313, 155, 149], [2549, 1245, 641, 283, 156, 168], [2551, 1221, 595, 319, 151, 169], [2465, 1262, 669, 299, 164, 164], [2523, 1208, 615, 290, 176, 165], [2544, 1259, 602, 311, 164, 151], [2488, 1274, 622, 306, 163, 151], [2583, 1240, 586, 285, 156, 161], [2439, 1171, 613, 336, 188, 175], [2405, 1274, 634, 334, 153, 168], [2537, 1234, 622, 317, 144, 167], [2504, 1218, 630, 288, 147, 182], [2469, 1301, 629, 320, 162, 144], [2486, 1234, 610, 319, 154, 164], [2450, 1271, 618, 300, 145, 177], [2470, 1285, 595, 317, 162, 164], [2442, 1249, 635, 313, 177, 159], [2524, 1271, 614, 313, 163, 155], [2488, 1235, 621, 308, 155, 167], [2487, 1240, 643, 307, 164, 144], [2473, 1282, 620, 285, 181, 163], [2590, 1206, 608, 303, 165, 156], [2500, 1235, 639, 288, 189, 153], [2497, 1240, 582, 322, 174, 167], [2464, 1243, 608, 320, 171, 173], [2534, 1304, 589, 303, 149, 154], [2579, 1183, 627, 305, 160, 151], [2454, 1240, 615, 327, 144, 183], [2510, 1321, 571, 317, 156, 140], [2544, 1237, 611, 322, 183, 131], [2507, 1243, 622, 348, 150, 159], [2496, 1262, 627, 317, 152, 148], [2611, 1248, 576, 327, 154, 149], [2519, 1265, 634, 310, 131, 134], [2478, 1246, 616, 323, 166, 172], [2532, 1229, 637, 331, 159, 153], [2494, 1218, 618, 333, 173, 155], [2447, 1287, 603, 320, 167, 177], [2481, 1230, 625, 327, 161, 157], [2510, 1285, 634, 300, 165, 134], [2582, 1279, 584, 293, 170, 150], [2557, 1196, 633, 326, 131, 153], [2522, 1249, 610, 299, 146, 165], [2519, 1237, 662, 323, 152, 127], [2599, 1226, 586, 300, 168, 158], [2415, 1218, 628, 326, 182, 162], [2531, 1242, 619, 318, 166, 149], [2529, 1277, 588, 326, 158, 149], [2511, 1263, 637, 324, 142, 144], [2471, 1255, 638, 294, 152, 174], [2442, 1257, 599, 346, 157, 153], [2444, 1278, 590, 311, 162, 167]]","[[3, 0], [1, 0], [2, 0], [1, 0], [2, 0], [0, 1], [0, 6], [1, 0], [0, 1], [2, 0], [1, 0], [1, 0], [2, 0], [2, 0], [2, 0], [0, 1], [0, 3], [0, 2], [1, 0], [0, 1], [1, 0], [1, 0], [0, 2], [1, 0], [0, 2], [0, 2], [2, 0], [2, 0], [0, 1], [1, 0], [0, 1], [0, 2], [0, 3], [0, 2], [2, 0], [0, 1], [0, 2], [2, 0], [0, 3], [2, 0], [0, 4], [4, 0], [0, 1], [2, 0], [0, 1], [0, 2], [0, 1], [4, 0], [0, 1], [0, 2], [0, 3], [0, 2]]"
../HEDGE RANSOM/db hedge ransomware full/128/bin/enc/encrypted_MaxxAudioCapture64.dll.enc-aes-256-cbc1006,52,"[9892, 10034, 9975, 9869, 9916, 10006, 9797, 10118, 10072, 10012, 10006, 10063, 9963, 10025, 10048, 9970, 9985, 9987, 9885, 10022, 10052, 10123, 9981, 10116, 9962, 10044, 10107, 10104, 10157, 10018, 9968, 9926, 9972, 10056, 10015, 10025, 9921, 9936, 9963, 10089, 10067, 10094, 9913, 9970, 9899, 9958, 10126, 9943, 9925, 9996, 9889, 10086]","[13.011199999999917, 21.33759999999984, 10.33600000000024, 12.486400000000685, 17.100800000000163, 7.2192000000004555, 15.872000000000298, 14.847999999999956, 11.391999999999825, 20.236800000000585, 12.044800000000578, 13.49120000000039, 19.993599999999788, 18.579200000000128, 17.548800000000483, 10.022399999999834, 16.883200000000215, 18.03520000000026, 18.572799999999916, 30.33600000000024, 18.028800000000047, 16.211200000000645, 14.444800000000214, 6.540800000000672, 10.220800000000054, 8.019200000000637, 14.566400000000613, 17.36320000000069, 19.097600000000057, 12.39680000000044, 8.351999999999862, 16.211200000000645, 19.737600000000384, 15.7503999999999, 17.19040000000041, 13.21600000000035, 12.492799999999988, 25.158400000000256, 9.574400000000423, 9.772800000000643, 22.572799999999916, 14.969600000000355, 19.07840000000033, 7.398400000000038, 21.248000000000502, 10.78400000000056, 15.020800000000236, 13.363200000000688, 9.708800000000338, 17.625600000000304, 17.536000000000058, 13.971199999999953]","[[2490, 1264, 628, 277, 171, 163], [2492, 1250, 692, 321, 155, 145], [2589, 1225, 641, 301, 162, 141], [2505, 1278, 634, 327, 156, 135], [2509, 1262, 651, 279, 154, 163], [2491, 1230, 678, 320, 142, 142], [2502, 1250, 580, 313, 171, 162], [2380, 1258, 618, 309, 170, 172], [2553, 1249, 615, 290, 139, 165], [2595, 1223, 598, 333, 155, 134], [2578, 1232, 589, 313, 161, 148], [2422, 1288, 593, 324, 145, 168], [2551, 1276, 601, 310, 156, 141], [2473, 1215, 668, 327, 139, 177], [2495, 1270, 595, 316, 155, 166], [2526, 1237, 627, 313, 166, 146], [2539, 1249, 638, 307, 170, 151], [2487, 1252, 590, 310, 155, 164], [2588, 1268, 596, 305, 139, 162], [2438, 1301, 592, 321, 152, 149], [2556, 1264, 611, 281, 160, 156], [2585, 1270, 597, 292, 162, 141], [2564, 1204, 655, 284, 173, 153], [2522, 1225, 631, 331, 158, 147], [2504, 1313, 612, 313, 144, 153], [2527, 1235, 636, 294, 133, 175], [2484, 1219, 646, 337, 150, 159], [2485, 1241, 646, 321, 154, 161], [2423, 1252, 662, 334, 148, 157], [2508, 1183, 605, 296, 184, 171], [2524, 1278, 579, 296, 164, 165], [2529, 1238, 610, 333, 142, 146], [2510, 1261, 626, 309, 126, 169], [2468, 1229, 636, 327, 163, 155], [2484, 1244, 618, 348, 144, 145], [2529, 1216, 666, 290, 143, 164], [2457, 1249, 603, 323, 166, 170], [2481, 1242, 570, 321, 150, 178], [2453, 1271, 643, 323, 156, 152], [2516, 1291, 567, 339, 154, 147], [2487, 1241, 621, 330, 156, 148], [2521, 1265, 599, 304, 152, 160], [2533, 1236, 612, 310, 142, 153], [2561, 1288, 605, 312, 132, 152], [2422, 1263, 656, 317, 143, 170], [2467, 1248, 649, 297, 168, 169], [2467, 1276, 604, 330, 137, 157], [2520, 1238, 621, 339, 154, 150], [2467, 1214, 612, 318, 166, 174], [2538, 1227, 574, 308, 171, 164], [2447, 1217, 633, 310, 169, 163], [2476, 1238, 664, 298, 134, 153]]","[[1, 0], [1, 0], [0, 1], [0, 1], [0, 2], [0, 2], [0, 2], [1, 0], [0, 2], [2, 0], [1, 0], [4, 0], [2, 0], [0, 1], [0, 1], [0, 2], [2, 0], [1, 0], [0, 1], [1, 0], [2, 0], [0, 3], [1, 0], [1, 0], [1, 0], [0, 4], [0, 2], [2, 0], [1, 0], [1, 0], [0, 2], [1, 0], [1, 0], [0, 1], [0, 1], [0, 2], [0, 2], [3, 0], [1, 0], [5, 0], [2, 0], [1, 0], [0, 3], [0, 1], [6, 0], [0, 4], [0, 9], [0, 2], [0, 4], [0, 3], [0, 4], [2, 0]]"
../HEDGE RANSOM/db hedge ransomware full/128/bin/enc/encrypted_HologramCompositor.dll.enc-camellia-192-cbc0202,52,"[9963, 9948, 9882, 10004, 9938, 9871, 9987, 9991, 10018, 9996, 10026, 9999, 9981, 9962, 10005, 10057, 9943, 10037, 10096, 10081, 10077, 10005, 9929, 10020, 9885, 9928, 10030, 10052, 10120, 9961, 10026, 9854, 9882, 10055, 10019, 10137, 10012, 9992, 10018, 9940, 9956, 10041, 9953, 9924, 10024, 9970, 10028, 9936, 10016, 9983, 9967, 10076]","[23.35360000000037, 7.987200000000485, 11.456000000000131, 14.598399999999856, 10.636800000000221, 16.02559999999994, 10.694400000000314, 17.606400000000576, 16.236800000000585, 28.92160000000058, 8.211200000000645, 9.76640000000043, 15.059200000000601, 10.623999999999796, 12.81919999999991, 13.587199999999939, 9.177599999999984, 13.452800000000025, 11.00799999999981, 9.574400000000423, 21.81760000000031, 3.967999999999847, 18.3104000000003, 28.22400000000016, 14.28480000000036, 18.803200000000288, 18.297599999999875, 11.001600000000508, 14.3104000000003, 18.617600000000493, 10.457600000000639, 32.979200000000674, 15.488000000000284, 8.4992000000002, 6.918400000000474, 10.58560000000034, 24.832000000000335, 8.972800000000461, 15.385600000000522, 15.449599999999919, 7.423999999999978, 13.369599999999991, 7.161600000000362, 13.63839999999982, 11.916799999999967, 22.58560000000034, 11.270400000000336, 18.04160000000047, 10.38720000000012, 10.53440000000046, 21.91359999999986, 14.668800000000374]","[[2437, 1238, 626, 313, 153, 164], [2509, 1250, 632, 289, 175, 142], [2499, 1219, 612, 326, 173, 156], [2527, 1220, 636, 308, 167, 159], [2487, 1256, 605, 328, 167, 132], [2466, 1279, 638, 299, 135, 169], [2540, 1212, 634, 309, 143, 165], [2500, 1229, 614, 345, 168, 146], [2522, 1292, 641, 321, 145, 145], [2587, 1281, 585, 317, 154, 154], [2473, 1261, 621, 279, 155, 173], [2540, 1231, 647, 317, 139, 154], [2527, 1243, 644, 298, 160, 149], [2518, 1224, 620, 315, 162, 172], [2473, 1260, 626, 313, 168, 160], [2449, 1286, 645, 324, 144, 140], [2490, 1228, 631, 322, 167, 159], [2540, 1266, 642, 297, 146, 148], [2421, 1271, 638, 328, 162, 150], [2495, 1224, 636, 317, 174, 151], [2524, 1228, 626, 309, 151, 177], [2465, 1267, 633, 310, 156, 166], [2498, 1221, 611, 318, 158, 178], [2455, 1292, 651, 315, 147, 156], [2602, 1202, 606, 299, 159, 181], [2463, 1226, 634, 315, 152, 183], [2520, 1230, 619, 325, 159, 152], [2513, 1238, 637, 322, 152, 145], [2488, 1246, 625, 316, 160, 148], [2568, 1257, 624, 291, 169, 132], [2500, 1277, 601, 285, 165, 159], [2388, 1225, 669, 307, 173, 166], [2515, 1256, 625, 328, 155, 148], [2520, 1282, 637, 331, 146, 125], [2546, 1271, 644, 289, 152, 139], [2488, 1242, 630, 319, 171, 152], [2479, 1282, 584, 322, 173, 150], [2473, 1259, 610, 325, 175, 141], [2487, 1226, 617, 303, 168, 149], [2524, 1231, 623, 297, 167, 158], [2540, 1290, 612, 309, 156, 164], [2485, 1191, 633, 309, 148, 178], [2530, 1264, 618, 321, 150, 139], [2528, 1219, 631, 304, 163, 140], [2525, 1252, 607, 326, 156, 152], [2631, 1229, 608, 286, 144, 168], [2479, 1236, 621, 309, 161, 163], [2478, 1223, 647, 315, 144, 171], [2512, 1248, 612, 323, 189, 148], [2487, 1294, 595, 307, 155, 167], [2504, 1296, 596, 342, 153, 149], [2505, 1234, 610, 319, 166, 152]]","[[4, 0], [0, 3], [0, 1], [0, 2], [8, 0], [5, 0], [0, 2], [0, 1], [0, 4], [1, 0], [0, 2], [1, 0], [0, 6], [1, 0], [0, 3], [0, 2], [0, 1], [2, 0], [0, 2], [2, 0], [2, 0], [0, 4], [0, 4], [0, 2], [0, 4], [1, 0], [0, 1], [0, 1], [3, 0], [0, 2], [0, 1], [1, 0], [3, 0], [0, 3], [0, 1], [1, 0], [1, 0], [0, 2], [3, 0], [1, 0], [1, 0], [0, 1], [1, 0], [0, 1], [0, 1], [2, 0], [0, 2], [1, 0], [0, 1], [1, 0], [1, 0], [2, 0]]"
../HEDGE RANSOM/db hedge ransomware full/128/bin/enc/encrypted_imageres.dll.enc-camellia-192-cbc0600,52,"[10038, 9996, 10013, 10090, 9940, 10012, 9959, 10009, 10000, 9999, 10087, 10069, 10071, 10038, 9968, 9886, 10092, 9972, 9959, 10068, 10003, 9973, 9985, 10058, 9881, 10100, 9988, 10042, 10050, 10061, 10049, 9997, 9926, 9857, 10089, 10029, 9969, 9883, 9990, 9936, 10067, 10003, 10025, 10058, 9913, 10054, 9923, 9935, 10108, 9911, 9926, 9998]","[6.33600000000024, 7.936000000000604, 10.655999999999949, 13.427200000000084, 15.334400000000642, 15.161600000000362, 11.449599999999919, 7.8400000000001455, 10.425600000000486, 5.004800000000614, 17.13920000000053, 10.700800000000527, 14.150400000000445, 10.924800000000687, 16.84479999999985, 18.220800000000054, 14.944000000000415, 22.227200000000266, 11.443200000000616, 14.739199999999983, 17.472000000000662, 16.262400000000525, 12.79359999999997, 27.737600000000384, 20.294400000000678, 7.807999999999993, 9.305600000000595, 10.38720000000012, 12.960000000000036, 12.4992000000002, 19.82720000000063, 17.44000000000051, 13.68960000000061, 20.684799999999996, 17.88799999999992, 17.728000000000065, 15.020800000000236, 9.702400000000125, 11.35360000000037, 15.782400000000052, 9.779199999999946, 9.011199999999917, 13.164800000000469, 6.9760000000005675, 17.33759999999984, 14.259200000000419, 15.916799999999967, 13.555199999999786, 14.566400000000613, 12.684799999999996, 10.521600000000035, 10.502400000000307]","[[2497, 1285, 622, 262, 148, 173], [2461, 1240, 648, 304, 179, 145], [2580, 1230, 612, 310, 151, 151], [2473, 1283, 615, 306, 156, 147], [2596, 1253, 580, 319, 151, 150], [2478, 1276, 622, 302, 182, 145], [2510, 1260, 618, 305, 128, 163], [2452, 1272, 599, 322, 175, 153], [2425, 1283, 574, 331, 151, 166], [2506, 1265, 602, 336, 138, 158], [2552, 1274, 596, 301, 146, 167], [2417, 1215, 659, 331, 161, 150], [2429, 1198, 688, 346, 156, 141], [2476, 1344, 608, 290, 149, 149], [2542, 1265, 645, 317, 163, 129], [2526, 1225, 642, 317, 161, 150], [2492, 1263, 643, 318, 147, 172], [2477, 1275, 608, 299, 154, 155], [2389, 1328, 612, 324, 157, 153], [2528, 1236, 662, 288, 146, 153], [2595, 1216, 632, 305, 162, 128], [2568, 1253, 612, 332, 142, 156], [2558, 1228, 642, 272, 150, 161], [2456, 1278, 607, 334, 181, 155], [2511, 1279, 606, 322, 150, 150], [2531, 1217, 681, 313, 146, 152], [2524, 1242, 596, 290, 151, 182], [2509, 1210, 617, 320, 163, 152], [2621, 1162, 595, 328, 159, 160], [2475, 1231, 621, 313, 167, 166], [2517, 1252, 638, 315, 137, 156], [2363, 1315, 639, 314, 165, 160], [2483, 1206, 619, 302, 150, 188], [2508, 1242, 639, 288, 153, 157], [2422, 1260, 656, 303, 158, 154], [2530, 1254, 595, 324, 148, 156], [2554, 1258, 615, 311, 166, 149], [2522, 1222, 601, 337, 160, 159], [2474, 1292, 641, 292, 149, 156], [2475, 1263, 637, 338, 162, 141], [2463, 1197, 651, 311, 169, 155], [2540, 1266, 604, 310, 152, 152], [2450, 1237, 669, 321, 157, 155], [2476, 1238, 632, 308, 158, 165], [2523, 1235, 651, 285, 163, 166], [2506, 1268, 569, 338, 151, 170], [2471, 1268, 672, 288, 148, 154], [2484, 1238, 616, 317, 161, 165], [2486, 1219, 621, 327, 156, 156], [2474, 1268, 639, 314, 163, 146], [2513, 1255, 614, 315, 160, 157], [2470, 1201, 671, 328, 151, 159]]","[[0, 1], [1, 0], [1, 0], [0, 3], [2, 0], [0, 1], [2, 0], [3, 0], [0, 2], [0, 2], [4, 0], [1, 0], [2, 0], [0, 1], [0, 1], [0, 7], [1, 0], [0, 3], [0, 3], [0, 1], [2, 0], [0, 2], [0, 1], [0, 5], [0, 1], [2, 0], [0, 2], [3, 0], [4, 0], [2, 0], [0, 1], [1, 0], [3, 0], [1, 0], [0, 1], [0, 2], [2, 0], [1, 0], [0, 3], [2, 0], [0, 8], [0, 2], [0, 2], [0, 3], [0, 1], [0, 1], [0, 1], [0, 1], [1, 0], [0, 2], [0, 1], [0, 2]]"
../HEDGE RANSOM/db hedge ransomware full/128/bin/enc/encrypted_HologramCompositor.dll.enc-aes-128-cbc1601,52,"[10009, 9886, 10093, 9927, 9898, 10074, 10102, 10128, 9950, 9976, 9899, 9934, 10040, 9985, 9978, 9801, 10011, 10062, 9956, 9935, 10015, 9969, 10033, 10104, 9958, 9983, 9963, 9977, 9819, 9990, 9979, 10134, 10036, 9931, 9977, 9993, 9987, 9854, 9996, 9994, 10139, 9887, 9988, 9989, 10000, 10028, 9957, 9787, 9954, 9900, 9978, 9980]","[14.291200000000572, 6.636800000000221, 17.19040000000041, 22.092800000000352, 16.77440000000024, 10.720000000000255, 15.366399999999885, 16.3712000000005, 21.58719999999994, 13.574400000000423, 18.355199999999968, 30.65599999999995, 13.190400000000409, 15.94880000000012, 11.513600000000224, 20.006400000000212, 15.231999999999971, 16.800000000000182, 11.219200000000455, 17.331200000000536, 9.337599999999838, 9.433600000000297, 8.774400000000242, 10.08640000000014, 8.972800000000461, 23.57760000000053, 17.772800000000643, 16.006400000000212, 16.889600000000428, 16.601599999999962, 12.72320000000036, 15.321600000000217, 20.851200000000063, 7.583999999999833, 18.38720000000012, 10.5600000000004, 20.17280000000028, 17.113600000000588, 22.1887999999999, 12.416000000000167, 14.720000000000255, 9.91359999999986, 20.729600000000573, 9.388800000000629, 13.26720000000023, 21.747199999999793, 15.00799999999981, 15.692799999999806, 17.075200000000223, 15.987200000000485, 11.648000000000138, 16.26879999999983]","[[2509, 1295, 605, 275, 173, 154], [2449, 1221, 627, 324, 169, 156], [2401, 1261, 610, 344, 172, 164], [2537, 1281, 620, 302, 154, 145], [2513, 1282, 588, 342, 137, 160], [2434, 1221, 640, 340, 182, 168], [2469, 1279, 622, 308, 151, 147], [2524, 1273, 596, 276, 168, 169], [2551, 1240, 640, 293, 150, 152], [2559, 1275, 597, 296, 143, 162], [2460, 1236, 674, 280, 167, 139], [2493, 1240, 621, 292, 171, 157], [2488, 1290, 601, 333, 152, 141], [2455, 1257, 644, 291, 160, 177], [2484, 1272, 652, 300, 160, 150], [2479, 1246, 606, 314, 164, 169], [2473, 1261, 615, 304, 148, 170], [2513, 1225, 650, 316, 149, 168], [2562, 1285, 615, 293, 151, 153], [2465, 1189, 614, 333, 185, 155], [2578, 1289, 612, 304, 152, 140], [2545, 1249, 606, 329, 158, 147], [2528, 1286, 583, 335, 154, 141], [2504, 1272, 638, 297, 157, 139], [2468, 1276, 607, 322, 174, 139], [2469, 1190, 622, 332, 166, 189], [2524, 1265, 627, 325, 148, 151], [2463, 1234, 619, 308, 171, 169], [2554, 1241, 604, 294, 163, 156], [2508, 1248, 621, 324, 167, 140], [2506, 1259, 606, 328, 153, 131], [2552, 1207, 619, 318, 163, 153], [2452, 1215, 587, 320, 164, 181], [2513, 1321, 629, 292, 140, 150], [2474, 1295, 597, 318, 150, 160], [2560, 1251, 647, 337, 141, 137], [2451, 1240, 599, 319, 194, 145], [2536, 1223, 623, 329, 153, 156], [2551, 1207, 641, 292, 155, 170], [2578, 1230, 635, 298, 144, 162], [2465, 1256, 608, 321, 152, 173], [2485, 1276, 644, 313, 144, 145], [2502, 1238, 614, 302, 171, 155], [2391, 1289, 578, 341, 169, 162], [2498, 1204, 666, 309, 169, 133], [2505, 1199, 654, 320, 133, 183], [2461, 1238, 669, 302, 166, 152], [2503, 1253, 649, 312, 131, 160], [2589, 1238, 594, 284, 162, 156], [2440, 1228, 687, 346, 149, 154], [2532, 1194, 619, 326, 134, 169], [2464, 1289, 652, 302, 158, 157]]","[[5, 0], [0, 1], [3, 0], [1, 0], [2, 0], [0, 1], [0, 4], [1, 0], [3, 0], [0, 1], [1, 0], [0, 1], [0, 1], [2, 0], [2, 0], [1, 0], [3, 0], [4, 0], [0, 2], [1, 0], [0, 1], [4, 0], [3, 0], [3, 0], [2, 0], [1, 0], [0, 3], [0, 3], [3, 0], [0, 1], [3, 0], [2, 0], [0, 1], [1, 0], [1, 0], [0, 3], [2, 0], [2, 0], [3, 0], [2, 0], [0, 2], [0, 2], [1, 0], [0, 1], [0, 1], [0, 1], [2, 0], [1, 0], [5, 0], [3, 0], [2, 0], [1, 0]]"
../HEDGE RANSOM/db hedge ransomware full/128/bin/enc/encrypted_shell32.dll.enc-aes-128-cbc0706,52,"[10044, 9917, 10003, 10027, 10115, 10027, 10151, 10027, 10048, 10091, 10016, 9948, 9947, 10058, 10054, 10101, 9976, 9938, 9992, 10098, 10055, 10003, 10016, 10023, 10035, 9961, 10054, 9984, 9981, 10001, 10115, 10036, 9995, 10052, 9818, 9998, 10036, 10052, 9902, 10029, 9808, 9901, 9982, 9957, 10098, 10007, 9997, 9895, 9962, 10052, 10007, 9972]","[11.091199999999844, 12.72320000000036, 6.4384000000000015, 19.596800000000258, 22.271999999999935, 11.648000000000138, 17.36320000000069, 15.417600000000675, 14.463999999999942, 13.61279999999988, 10.950400000000627, 20.26879999999983, 16.22400000000016, 8.614400000000387, 14.78400000000056, 8.351999999999862, 12.64640000000054, 13.420799999999872, 10.451200000000426, 11.072000000000116, 19.756800000000112, 12.460799999999836, 15.673600000000079, 16.74240000000009, 21.024000000000342, 11.385600000000522, 14.444800000000214, 13.54240000000027, 17.881600000000617, 15.526400000000649, 12.070400000000518, 17.049600000000282, 12.057600000000093, 20.0, 17.24160000000029, 8.230400000000373, 15.219200000000455, 18.246399999999994, 5.523200000000543, 12.729600000000573, 14.003200000000106, 21.16480000000047, 10.425600000000486, 19.987200000000485, 25.76000000000022, 15.244800000000396, 7.897600000000239, 28.460799999999836, 11.315200000000004, 20.800000000000182, 27.065599999999904, 11.936000000000604]","[[2576, 1228, 629, 322, 173, 137], [2477, 1273, 642, 293, 172, 141], [2508, 1255, 596, 312, 173, 152], [2489, 1227, 631, 303, 172, 169], [2499, 1202, 600, 317, 161, 176], [2526, 1220, 635, 300, 169, 155], [2438, 1322, 620, 307, 172, 144], [2391, 1246, 665, 314, 186, 145], [2436, 1257, 635, 338, 132, 169], [2571, 1270, 595, 355, 155, 146], [2498, 1308, 613, 308, 138, 149], [2529, 1243, 644, 308, 142, 166], [2563, 1244, 641, 278, 158, 163], [2476, 1293, 614, 330, 174, 136], [2385, 1245, 616, 323, 179, 163], [2491, 1246, 604, 351, 149, 149], [2495, 1267, 600, 317, 163, 154], [2564, 1238, 606, 313, 149, 160], [2462, 1242, 638, 322, 153, 136], [2498, 1219, 640, 281, 174, 157], [2401, 1252, 619, 357, 158, 168], [2486, 1264, 600, 322, 166, 146], [2487, 1233, 599, 317, 162, 149], [2428, 1302, 656, 310, 151, 153], [2558, 1290, 610, 305, 161, 134], [2442, 1232, 628, 341, 175, 145], [2523, 1292, 582, 333, 154, 154], [2524, 1204, 638, 272, 178, 191], [2478, 1204, 630, 297, 173, 157], [2525, 1219, 627, 308, 151, 178], [2498, 1245, 654, 300, 157, 168], [2530, 1307, 594, 317, 155, 135], [2394, 1262, 633, 307, 160, 155], [2463, 1273, 603, 326, 156, 145], [2443, 1254, 652, 341, 157, 144], [2534, 1208, 630, 308, 159, 152], [2552, 1246, 638, 323, 155, 136], [2514, 1215, 596, 309, 171, 151], [2485, 1223, 642, 307, 162, 153], [2456, 1254, 585, 360, 157, 144], [2472, 1257, 613, 293, 179, 159], [2481, 1235, 666, 316, 148, 151], [2439, 1224, 661, 325, 138, 162], [2494, 1272, 620, 311, 167, 161], [2474, 1256, 587, 290, 179, 166], [2526, 1255, 585, 311, 141, 164], [2504, 1253, 632, 297, 164, 153], [2545, 1244, 599, 307, 165, 146], [2546, 1206, 636, 318, 148, 151], [2482, 1253, 632, 322, 163, 158], [2495, 1252, 614, 329, 148, 160], [2443, 1272, 606, 332, 157, 147]]","[[1, 0], [1, 0], [1, 0], [0, 1], [0, 1], [0, 1], [2, 0], [2, 0], [0, 3], [0, 1], [0, 1], [2, 0], [2, 0], [4, 0], [0, 1], [0, 1], [1, 0], [1, 0], [1, 0], [0, 3], [3, 0], [0, 2], [2, 0], [0, 2], [1, 0], [0, 7], [4, 0], [2, 0], [1, 0], [2, 0], [4, 0], [0, 1], [2, 0], [0, 2], [0, 1], [1, 0], [4, 0], [0, 1], [0, 2], [1, 0], [3, 0], [0, 2], [1, 0], [0, 2], [1, 0], [0, 3], [0, 1], [2, 0], [1, 0], [1, 0], [0, 4], [5, 0]]"
